Code,Name,Officialname,Registration_number,Keph level,Facility type,Facility_type_category,Owner,Owner type,Regulatory body,Beds,Cots,County,Constituency,Sub_county,Ward,Operation status,Open_whole_day,Open_public_holidays,Open_weekends,Open_late_night,Service_names,Approved,Public visible,Closed
14607,Baringo County Refferal Hospital,Baringo County Referral Hospital,None,Level 4,Primary care hospitals,HOSPITALS,Ministry of Health,Ministry of Health,Ministry of Health,163,11,Baringo,Baringo Central,Baringo Central,Kabarnet,Operational,Yes,Yes,Yes,Yes,,Yes,Yes,No
17352,Barnet Memorial Hospital,Barnet Memorial Hospital,None,Level 4,Primary care hospitals,HOSPITALS,Private Practice - Private Institution Academic,Private Practice,Kenya MPDB,17,0,Baringo,Baringo Central,Baringo Central,Kabarnet,Operational,Yes,No,Yes,No,,Yes,Yes,No
14710,Kapkelelwa Dispensary,Kapkelelwa Dispensary,None,Level 2,Dispensary,DISPENSARY,Ministry of Health,Ministry of Health,Ministry of Health,6,0,Baringo,Baringo Central,Baringo Central,Kapropita,Operational,No,No,No,No,,Yes,Yes,No
14923,Kiptagich Health Centre,Kiptagich Health Centre,None,Level 3,Basic Health Centre,HEALTH CENTRE,Ministry of Health,Ministry of Health,Ministry of Health,12,1,Baringo,Baringo Central,Baringo Central,Sacho,Operational,Yes,No,Yes,No,,Yes,Yes,No
14953,Kituro Health Centre,Kituro Health Centre,None,Level 3,Basic Health Centre,HEALTH CENTRE,Ministry of Health,Ministry of Health,Ministry of Health,8,0,Baringo,Baringo Central,Baringo Central,Ewalel/Chapchap,Operational,No,No,No,No,,Yes,Yes,No
15197,Mogorwa Health Centre,Mogorwa Health Centre,None,Level 3,Basic Health Centre,HEALTH CENTRE,Ministry of Health,Ministry of Health,Ministry of Health,10,0,Baringo,Baringo Central,Baringo Central,Tenges,Operational,No,No,No,No,,Yes,Yes,No
15346,Ngetmoi Dispensary,Ngetmoi Dispensary,None,Level 2,Dispensary,DISPENSARY,Ministry of Health,Ministry of Health,Ministry of Health,4,0,Baringo,Baringo Central,Baringo Central,Kabarnet,Operational,No,No,No,No,,Yes,Yes,No
15522,Salawa Health Centre,Salawa Health Centre,None,Level 3,Basic Health Centre,HEALTH CENTRE,Ministry of Health,Ministry of Health,Ministry of Health,6,1,Baringo,Baringo Central,Baringo Central,Kabarnet,Operational,Yes,No,Yes,No,,Yes,Yes,No
15549,Seretunin Health Centre,Seretunin Health Centre,None,Level 3,Basic Health Centre,HEALTH CENTRE,Ministry of Health,Ministry of Health,Ministry of Health,5,0,Baringo,Baringo Central,Baringo Central,Ewalel/Chapchap,Operational,Yes,No,Yes,No,,Yes,Yes,No
15718,Tenges Health Centre,Tenges Health Centre,None,Level 3,Basic Health Centre,HEALTH CENTRE,Ministry of Health,Ministry of Health,Ministry of Health,17,3,Baringo,Baringo Central,Baringo Central,Tenges,Operational,Yes,No,Yes,No,,Yes,Yes,No
15724,Timboiywo Dispensary,Timboiywo Dispensary,None,Level 2,Dispensary,DISPENSARY,Ministry of Health,Ministry of Health,Ministry of Health,4,2,Baringo,Baringo Central,Baringo Central,Sacho,Operational,No,No,No,No,,Yes,Yes,No
14243,Barwessa Health Centre,Barwessa Health Centre,None,Level 3,Basic Health Centre,HEALTH CENTRE,Ministry of Health,Ministry of Health,Ministry of Health,5,0,Baringo,Baringo North,Baringo North,Barwessa,Operational,No,No,No,No,,Yes,Yes,No
14609,Kabartonjo Referral Hospital,Kabartonjo Referral Hospital,None,Level 4,Primary care hospitals,HOSPITALS,Ministry of Health,Ministry of Health,Ministry of Health,24,0,Baringo,Baringo North,Baringo North,Kabartonjo,Operational,Yes,No,No,No,,Yes,Yes,No
14912,Kipsaraman Dispensary,Kipsaraman Dispensary,None,Level 2,Dispensary,DISPENSARY,Kenya Episcopal Conference-Catholic Secretariat,Faith Based Organization,Kenya MPDB,4,0,Baringo,Baringo North,Baringo North,Saimoi/Kipsaraman,Operational,No,No,No,No,,Yes,Yes,No
14998,Kuikui Healty Centre,Kuikui Health Centre,None,Level 3,Basic Health Centre,HEALTH CENTRE,Ministry of Health,Ministry of Health,Ministry of Health,8,0,Baringo,Baringo North,Baringo North,Barwessa,Operational,No,No,No,No,,Yes,Yes,No
24156,Marubel Medical Clinic,Marubel Medical Clinic,None,Level 3,Medical Clinic,MEDICAL CLINIC,Private Practice - Nurse / Midwifery,Private Practice,Nursing Council of Kenya (Private Practice),10,1,Baringo,Baringo North,Baringo North,Saimoi/Kipsaraman,Operational,No,Yes,Yes,Yes,,Yes,Yes,No
24539,AFYA kabel MEDIGAL cLINIC,Afya Kabel Medical Clinic,589,Level 2,Medical Clinic,MEDICAL CLINIC,Private Practice - Clinical Officer,Private Practice,Pharmacy & Poisons Board,2,0,Baringo,Baringo South,Marigat,Mochongoi,Operational,Yes,Yes,Yes,Yes,,Yes,Yes,No
25169,Alphil Medical koech,Alphil Medical Centre Limited,None,Level 2,Medical Clinic,MEDICAL CLINIC,Private Practice - Private Company,Private Practice,Clinical Officers Council,4,2,Baringo,Baringo South,Marigat,Mochongoi,Operational,Yes,Yes,Yes,Yes,,Yes,Yes,No
25581,Cheplogoi Siri Medical  Clinic,Cheplogoi Siri Medical  Clinic,None,Level 2,Medical Center,MEDICAL CENTER,Private Practice - Clinical Officer,Private Practice,Clinical Officers Council,4,2,Baringo,Baringo South,Marigat,Marigat,Operational,No,No,No,No,,Yes,Yes,No
21445,EXODUS MEDICAL CLINIC NJORO,EXODUS MC,None,Level 2,Medical Clinic,MEDICAL CLINIC,Private Practice - Clinical Officer,Private Practice,Ministry of Health,2,2,Baringo,Baringo South,Marigat,Iichamus,Operational,No,No,No,No,,Yes,Yes,No
24322,Generation Afya  Centre,Generation Afya  Centre,None,Level 2,Medical Clinic,MEDICAL CLINIC,Private Practice - Clinical Officer,Private Practice,Kenya MPDB,5,2,Baringo,Baringo South,Marigat,Marigat,Operational,No,Yes,Yes,Yes,,Yes,Yes,No
25446,Honeyland Heallth .,Honeyland Heallth care  Services Ltd,None,Level 2,Medical Clinic,MEDICAL CLINIC,Private Practice - Clinical Officer,Private Practice,Kenya MPDB,2,1,Baringo,Baringo South,Marigat,Marigat,Operational,Yes,Yes,Yes,Yes,,Yes,Yes,No
14677,Kampi Samaki Health Centre,Kampi Samaki Health Centre,None,Level 3,Basic Health Centre,HEALTH CENTRE,Ministry of Health,Ministry of Health,Ministry of Health,3,0,Baringo,Baringo South,Marigat,Iichamus,Operational,Yes,No,Yes,No,,Yes,Yes,No
14867,Kimalel Health Centre,Kimalel Health Centre,None,Level 3,Basic Health Centre,HEALTH CENTRE,Ministry of Health,Ministry of Health,Ministry of Health,17,0,Baringo,Baringo South,Marigat,Marigat,Operational,Yes,No,Yes,No,,Yes,Yes,No
26501,Kimoriot Dispensary,Kimoriot Dispensary,None,Level 2,Dispensary,DISPENSARY,Ministry of Health,Ministry of Health,Pharmacy & Poisons Board,3,2,Baringo,Baringo South,Marigat,Mochongoi,Operational,No,No,No,No,,Yes,Yes,No
15137,Marigat Catholic Mission,Marigat Catholic Mission,None,Level 2,Dispensary,DISPENSARY,Kenya Episcopal Conference-Catholic Secretariat,Faith Based Organization,Kenya MPDB,12,0,Baringo,Baringo South,Marigat,Marigat,Operational,No,No,No,No,,Yes,Yes,No
15138,Marigat Sub District Hospital,Marigat Sub District Hospital,None,Level 4,Primary care hospitals,HOSPITALS,Ministry of Health,Ministry of Health,Ministry of Health,25,0,Baringo,Baringo South,Marigat,Marigat,Operational,No,No,No,No,,Yes,Yes,No
15192,Mochongoi Health Centre,Mochongoi Health Centre,None,Level 3,Basic Health Centre,HEALTH CENTRE,Ministry of Health,Ministry of Health,Ministry of Health,8,0,Baringo,Baringo South,Marigat,Mochongoi,Operational,Yes,No,Yes,No,,Yes,Yes,No
24345,Rae clinic(Rehabilitation and Arid environments),Rae clinic(Rehabilitation and Arid environments),None,Level 2,Medical Clinic,MEDICAL CLINIC,Private Practice - General Practitioner,Private Practice,None,1,1,Baringo,Baringo South,Marigat,Iichamus,Operational,Yes,Yes,No,No,,Yes,Yes,No
14964,Eldama Ravine (AIC) Health Centre,Eldama Ravine (AIC) Health Centre,None,Level 3,Basic Health Centre,HEALTH CENTRE,Christian Health Association of Kenya,Faith Based Organization,Kenya MPDB,12,1,Baringo,Eldama Ravine,Koibatek,Ravine,Operational,Yes,No,Yes,No,,Yes,Yes,No
14432,Eldama Ravine District Hospital,Eldama Ravine Sub County Hospital,None,Level 4,Primary care hospitals,HOSPITALS,Ministry of Health,Ministry of Health,Ministry of Health,112,4,Baringo,Eldama Ravine,Koibatek,Ravine,Operational,Yes,Yes,Yes,Yes,,Yes,Yes,No
19324,Eldama Ravine Medical Centre,Eldama Ravine Medical Centre,None,Level 3,Medical Center,MEDICAL CENTER,Private Practice - Clinical Officer,Private Practice,Clinical Officers Council,6,0,Baringo,Eldama Ravine,Koibatek,Ravine,Operational,No,No,Yes,No,,Yes,Yes,No
19322,Eldama Ravine Nursing Home,Eldama Ravine Nursing Home,None,Level 3,Comprehensive health Centre,HEALTH CENTRE,Private Practice - Clinical Officer,Private Practice,Clinical Officers Council,18,5,Baringo,Eldama Ravine,Koibatek,Ravine,Operational,Yes,No,Yes,No,,Yes,Yes,No
14477,Esageri Health Centre,Esageri Health Centre,None,Level 3,Basic Health Centre,HEALTH CENTRE,Ministry of Health,Ministry of Health,Ministry of Health,10,0,Baringo,Eldama Ravine,Koibatek,Koibatek,Operational,Yes,No,Yes,No,,Yes,Yes,No
14933,Kiptuno Dispensary,Kiptuno Dispensary,None,Level 2,Dispensary,DISPENSARY,Ministry of Health,Ministry of Health,Ministry of Health,8,0,Baringo,Eldama Ravine,Koibatek,Lembus Kwen,Operational,No,No,No,No,,Yes,Yes,No
15174,Mercy Hospital,Mercy Hospital,None,Level 4,Primary care hospitals,HOSPITALS,Kenya Episcopal Conference-Catholic Secretariat,Faith Based Organization,Kenya MPDB,64,0,Baringo,Eldama Ravine,Koibatek,Ravine,Operational,Yes,No,No,No,,Yes,Yes,No
15566,Sigoro Dispensary,Sigoro Dispensary,None,Level 2,Dispensary,DISPENSARY,Ministry of Health,Ministry of Health,Ministry of Health,2,0,Baringo,Eldama Ravine,Koibatek,Lembus Kwen,Operational,No,No,No,No,,Yes,Yes,No
15606,Solian Dispensary,Solian Dispensary,None,Level 2,Dispensary,DISPENSARY,Ministry of Health,Ministry of Health,Ministry of Health,10,0,Baringo,Eldama Ravine,Koibatek,Koibatek,Operational,No,No,No,No,,Yes,Yes,No
15725,Timboroa Health Centre,Timboroa Health Centre,None,Level 3,Basic Health Centre,HEALTH CENTRE,Ministry of Health,Ministry of Health,Ministry of Health,5,0,Baringo,Eldama Ravine,Koibatek,Lembus,Operational,Yes,No,No,No,,Yes,Yes,No
15735,Torongo Health Centre,Torongo Health Centre,None,Level 3,Basic Health Centre,HEALTH CENTRE,Ministry of Health,Ministry of Health,Ministry of Health,9,0,Baringo,Eldama Ravine,Koibatek,Lembus,Operational,Yes,No,No,No,,Yes,Yes,No
14446,Emining Health Centre,Emining Health Centre,None,Level 3,Basic Health Centre,HEALTH CENTRE,Ministry of Health,Ministry of Health,Ministry of Health,16,2,Baringo,Mogotio,Mogotio,Emining,Operational,Yes,No,Yes,No,,Yes,Yes,No
14940,Kisanana Health Centre,Kisanana Health Centre,None,Level 3,Basic Health Centre,HEALTH CENTRE,Ministry of Health,Ministry of Health,Ministry of Health,5,0,Baringo,Mogotio,Mogotio,Kisanana,Operational,Yes,No,Yes,No,,Yes,Yes,No
20005,Mogotio  Sub-County Hospital Baringo,Mogotio Sub County Hospital (Baringo),None,Level 4,Primary care hospitals,HOSPITALS,Ministry of Health,Ministry of Health,Ministry of Health,40,2,Baringo,Mogotio,Mogotio,Mogotio,Operational,Yes,Yes,Yes,Yes,,Yes,Yes,No
15246,Mugurin Dispensary,Mugurin Dispensary,None,Level 2,Dispensary,DISPENSARY,Ministry of Health,Ministry of Health,Ministry of Health,6,0,Baringo,Mogotio,Mogotio,Kisanana,Operational,No,No,No,No,,Yes,Yes,No
20407,Neema Clinic,Neema Clinic,None,Level 2,Medical Clinic,MEDICAL CLINIC,Private Practice - Nurse / Midwifery,Private Practice,Nursing Council of Kenya (Private Practice),2,1,Baringo,Mogotio,Mogotio,Mogotio,Operational,No,No,No,No,,Yes,Yes,No
15353,Ngubereti Health Centre,Ngubereti Health Centre,None,Level 3,Basic Health Centre,HEALTH CENTRE,Ministry of Health,Ministry of Health,Ministry of Health,14,1,Baringo,Mogotio,Mogotio,Mogotio,Operational,No,No,No,No,,Yes,Yes,No
15593,Sirwa Dispensary (Mogotio),Sirwa Dispensary (Mogotio),None,Level 2,Dispensary,DISPENSARY,Ministry of Health,Ministry of Health,Ministry of Health,8,1,Baringo,Mogotio,Mogotio,Mogotio,Operational,No,No,No,No,,Yes,Yes,No
26322,Acacia Medical Clinic,Acacia Medical Clinic,0000,Level 2,Medical Clinic,MEDICAL CLINIC,Private Practice - Clinical Officer,Private Practice,Pharmacy & Poisons Board,1,1,Baringo,Tiaty,Tiaty East,Tangulbei/Korossi,Operational,No,No,No,No,,Yes,Yes,No
14235,Barpello Dispensary,Barpello Dispensary,None,Level 2,Dispensary,DISPENSARY,Ministry of Health,Ministry of Health,Ministry of Health,8,0,Baringo,Tiaty,East Pokot,Ribkwo,Operational,No,No,No,No,,Yes,Yes,No
14321,Chemolingot District Hospital,Chemolingot Sub County hospital,None,Level 4,Primary care hospitals,HOSPITALS,Ministry of Health,Ministry of Health,Ministry of Health,14,4,Baringo,Tiaty,East Pokot,Ribkwo,Operational,Yes,No,Yes,No,,Yes,Yes,No
20047,Churo Health center,Churo Health Centre,None,Level 3,Basic Health Centre,HEALTH CENTRE,Ministry of Health,Ministry of Health,Ministry of Health,8,5,Baringo,Tiaty,Tiaty East,Churo/Amaya,Operational,Yes,No,No,No,,Yes,Yes,No
26303,Keriwok Dispensary,Keriwok Dispensary,0000,Level 2,Dispensary,DISPENSARY,Ministry of Health,Ministry of Health,Pharmacy & Poisons Board,6,4,Baringo,Tiaty,Tiaty East,Tangulbei/Korossi,Operational,No,No,No,No,,Yes,Yes,No
20890,Lodeng'o Health Centre,Lodeng'o Health Centre,None,Level 3,Basic Health Centre,HEALTH CENTRE,Christian Health Association of Kenya,Faith Based Organization,Kenya MPDB,24,2,Baringo,Tiaty,East Pokot,Kolowa,Operational,No,No,No,No,,Yes,Yes,No
26307,Nasaltuko Dispensary,Nasaltuko Dispensary,0000,Level 2,Dispensary,DISPENSARY,Other Faith Based,Faith Based Organization,Pharmacy & Poisons Board,6,4,Baringo,Tiaty,Tiaty East,Churo/Amaya,Operational,No,No,No,No,,Yes,Yes,No
15347,Nginyang Health Centre,Nginyang Health Centre,None,Level 3,Basic Health Centre,HEALTH CENTRE,Ministry of Health,Ministry of Health,Ministry of Health,12,0,Baringo,Tiaty,Tiaty East,Loiyamorok,Operational,Yes,No,Yes,No,,Yes,Yes,No
19940,Rotu Dispensary,Rotu Dispensary,None,Level 2,Dispensary,DISPENSARY,Christian Health Association of Kenya,Faith Based Organization,Kenya MPDB,12,4,Baringo,Tiaty,East Pokot,Kolowa,Operational,No,No,No,No,,Yes,Yes,No
15707,Tangulbei Sub county Hospital,Tangulbei Sub county Hospital,None,Level 3,Secondary care hospitals,HOSPITALS,Ministry of Health,Ministry of Health,Ministry of Health,12,0,Baringo,Tiaty,Tiaty East,Tangulbei/Korossi,Operational,Yes,No,Yes,No,,Yes,Yes,No
17850,Alpha Medical Clinic (Butere),Alpha Medical Clinic (Butere),None,Level 2,Medical Clinic,MEDICAL CLINIC,Private Practice - Clinical Officer,Private Practice,Clinical Officers Council,1,1,Kakamega,Butere,Butere,Marama West,Operational,No,No,Yes,No,,Yes,Yes,No
18939,Butere Iranda Health Centre,Iranda Health Centre,None,Level 3,Basic Health Centre,HEALTH CENTRE,Ministry of Health,Ministry of Health,Ministry of Health,2,0,Kakamega,Butere,Butere,Marama West,Operational,Yes,No,Yes,No,,Yes,Yes,No
15836,Butere Sub County Hospital,Butere Sub County Hospital,None,Level 4,Primary care hospitals,HOSPITALS,Ministry of Health,Ministry of Health,Ministry of Health,108,2,Kakamega,Butere,Butere,Marama Central,Operational,Yes,Yes,Yes,Yes,,Yes,Yes,No
18940,Eshibimbi Health Centre,Eshibimbi Health Centre,None,Level 3,Basic Health Centre,HEALTH CENTRE,Ministry of Health,Ministry of Health,Ministry of Health,8,4,Kakamega,Butere,Butere,Marama North,Operational,Yes,No,Yes,No,,Yes,Yes,No
16114,Eshimukoko Health Centre,Eshimukoko Health Centre,None,Level 3,Basic Health Centre,HEALTH CENTRE,Ministry of Health,Ministry of Health,Ministry of Health,8,2,Kakamega,Butere,Butere,Marama North,Operational,No,No,No,No,,Yes,Yes,No
18941,Imanga Health Centre,Imanga Health Centre,None,Level 3,Basic Health Centre,HEALTH CENTRE,Ministry of Health,Ministry of Health,Ministry of Health,4,0,Kakamega,Butere,Butere,Marama Central,Operational,No,No,Yes,No,,Yes,Yes,No
26568,INAYA  NURSING AND MATERNITY HOME,INAYA AFIA NURSING AND MATERNITY HOME LIMITED,None,Level 3,Nursing and Maternity Home,NURSING HOME,Private Practice Lab Technician/Technologist,Private Practice,None,21,5,Kakamega,Butere,Butere,Marama West,Operational,Yes,Yes,Yes,Yes,,Yes,Yes,No
17848,Kadvan Medical Clinic,Kadvan Medical Clinic,None,Level 2,Medical Clinic,MEDICAL CLINIC,Private Practice - Nurse / Midwifery,Private Practice,Nursing Council of Kenya (Private Practice),1,1,Kakamega,Butere,Butere,Marama West,Operational,No,No,Yes,No,,Yes,Yes,No
17298,Lukohe Health Centre,Lukohe Health Centre,None,Level 3,Basic Health Centre,HEALTH CENTRE,Ministry of Health,Ministry of Health,Ministry of Health,4,0,Kakamega,Butere,Butere,Marama North,Operational,No,No,Yes,No,,Yes,Yes,No
17297,Mabole Health Centre,Mabole Health Centre,None,Level 3,Basic Health Centre,HEALTH CENTRE,Ministry of Health,Ministry of Health,Ministry of Health,4,2,Kakamega,Butere,Butere,Marenyo-shianda,Operational,No,No,Yes,No,,Yes,Yes,No
15999,Manyala Sub-County Hospital,Manyala Sub County Hospital,None,Level 4,Primary care hospitals,HOSPITALS,Ministry of Health,Ministry of Health,Ministry of Health,32,0,Kakamega,Butere,Butere,Marama South,Operational,Yes,No,No,No,,Yes,Yes,No
24506,Montery Medical Centre,Montery  Medical Centre,None,Level 3,Medical Center,MEDICAL CENTER,Private Practice - Private Institution Academic,Private Practice,None,11,0,Kakamega,Butere,Butere,Marama West,Operational,Yes,Yes,Yes,Yes,,Yes,Yes,No
17851,Pona Medical Clinic,Pona Medical Clinic,None,Level 2,Medical Clinic,MEDICAL CLINIC,Private Practice - Nurse / Midwifery,Private Practice,Nursing Council of Kenya (Private Practice),1,1,Kakamega,Butere,Butere,Marama Central,Operational,No,No,Yes,No,,Yes,Yes,No
17853,Raphaheal Community Clinic,Raphael Community Clinic,Pending,Level 2,Medical Clinic,MEDICAL CLINIC,Private Practice - Nurse / Midwifery,Private Practice,Kenya MPDB,1,0,Kakamega,Butere,Butere,Marama West,Operational,Yes,Yes,Yes,Yes,,Yes,Yes,No
16111,Shikunga Health Centre,Shikunga Health Centre,None,Level 3,Basic Health Centre,HEALTH CENTRE,Ministry of Health,Ministry of Health,Ministry of Health,16,1,Kakamega,Butere,Butere,Marenyo-shianda,Operational,Yes,No,No,No,,Yes,Yes,No
16116,Shiraha Health Centre,Shiraha Health Centre,None,Level 3,Basic Health Centre,HEALTH CENTRE,Ministry of Health,Ministry of Health,Ministry of Health,2,0,Kakamega,Butere,Butere,Marama North,Operational,No,No,No,No,,Yes,Yes,No
16121,Shitsitswi Health Centre,Shitsitswi Health Centre,None,Level 3,Basic Health Centre,HEALTH CENTRE,Ministry of Health,Ministry of Health,Ministry of Health,6,0,Kakamega,Butere,Butere,Marama Central,Operational,No,No,No,No,,Yes,Yes,No
17849,Vision Medical Clinic Butere,Vision Medical Clinic Butere,None,Level 2,Medical Clinic,MEDICAL CLINIC,Private Practice - Clinical Officer,Private Practice,Clinical Officers Council,1,1,Kakamega,Butere,Butere,Marama West,Operational,No,No,No,No,,Yes,Yes,No
24312,Zion Ahadi Medical Centre,Zion Ahadi Medical Centre,015842,Level 2,Medical Clinic,MEDICAL CLINIC,Private Practice - Clinical Officer,Private Practice,Kenya MPDB,18,0,Kakamega,Butere,Butere,Marama Central,Operational,Yes,Yes,Yes,Yes,,Yes,Yes,No
15832,Bushiangala Health Centre,Bushiangala Health Centre,None,Level 3,Basic Health Centre,HEALTH CENTRE,Other Faith Based,Faith Based Organization,Kenya MPDB,14,5,Kakamega,Ikolomani,Ikolomani,Idakho Central,Operational,No,No,No,No,,Yes,Yes,No
15899,Iguhu Sub County Hospital,Iguhu Sub County Hospital,None,Level 4,Primary care hospitals,HOSPITALS,Ministry of Health,Ministry of Health,Ministry of Health,21,4,Kakamega,Ikolomani,Ikolomani,Idakho East,Operational,Yes,No,No,No,,Yes,Yes,No
15945,Kilingili Health Centre,Kilingili Health Centre,None,Level 3,Basic Health Centre,HEALTH CENTRE,Ministry of Health,Ministry of Health,Ministry of Health,2,2,Kakamega,Ikolomani,Ikolomani,Idakho South,Operational,No,No,No,No,,Yes,Yes,No
22757,Lukanji Dispensary,Lukanji Dispensary,21991,Level 2,Medical Clinic,MEDICAL CLINIC,Non-Governmental Organizations,Non-Governmental Organizations,Kenya MPDB,4,0,Kakamega,Ikolomani,Ikolomani,Idakho Central,Operational,No,No,No,No,,Yes,Yes,No
19622,Malaika Dispensary,Malaika Dispensary,None,Level 2,Medical Clinic,MEDICAL CLINIC,Private Practice - Nurse / Midwifery,Private Practice,Nursing Council of Kenya (Private Practice),16,0,Kakamega,Ikolomani,Ikolomani,Idakho North,Operational,No,No,No,No,,Yes,Yes,No
16048,Murudef Dispensary,Murudef Dispensary,None,Level 2,Medical Clinic,MEDICAL CLINIC,Private Practice - Private Institution Academic,Private Practice,Kenya MPDB,10,2,Kakamega,Ikolomani,Ikolomani,Idakho Central,Operational,No,No,No,No,,Yes,Yes,No
27021,Musoli Medical Centre,Musoli Medical Centre,015938,Level 3,Medical Center,MEDICAL CENTER,Private Practice - General Practitioner,Private Practice,Kenya MPDB,16,4,Kakamega,Ikolomani,Ikolomani,Idakho Central,Operational,Yes,Yes,Yes,Yes,,Yes,Yes,No
23994,Rubys Community Health Services Medical Centre,Rubys Community Health Services Medical Centre,015376,Level 3,Medical Center,MEDICAL CENTER,Private Practice - Private Institution Academic,Private Practice,Kenya MPDB,4,1,Kakamega,Ikolomani,Ikolomani,Idakho North,Operational,Yes,Yes,Yes,Yes,,Yes,Yes,No
16101,Savane Dispensary,Savane Dispensary,None,Level 2,Dispensary,DISPENSARY,Ministry of Health,Ministry of Health,Ministry of Health,3,0,Kakamega,Ikolomani,Ikolomani,Idakho East,Operational,No,No,No,No,,Yes,Yes,No
16107,Shibwe Sub-County Hospital,Shibwe Sub-County Hospital,None,Level 4,Primary care hospitals,HOSPITALS,Ministry of Health,Ministry of Health,Ministry of Health,15,2,Kakamega,Ikolomani,Ikolomani,Idakho Central,Operational,Yes,No,Yes,No,,Yes,Yes,No
25694,Shichinji Dispensary,Shichinji Dispensary,None,Level 2,Dispensary,DISPENSARY,Ministry of Health,Ministry of Health,None,4,1,Kakamega,Ikolomani,Ikolomani,Idakho North,Operational,No,No,No,No,,Yes,Yes,No
16110,Shikokho Dispensary,Shikokho Dispensary,None,Level 2,Dispensary,DISPENSARY,Ministry of Health,Ministry of Health,Kenya MPDB,5,1,Kakamega,Ikolomani,Ikolomani,Idakho East,Operational,No,No,No,No,,Yes,Yes,No
16119,Shiseso Health Centre,Shiseso Health Centre,None,Level 3,Basic Health Centre,HEALTH CENTRE,Ministry of Health,Ministry of Health,Ministry of Health,9,0,Kakamega,Ikolomani,Ikolomani,Idakho North,Operational,No,No,No,No,,Yes,Yes,No
16145,St Pius Musoli Health Centre,St Pius Musoli Health Centre,None,Level 3,Basic Health Centre,HEALTH CENTRE,Other Faith Based,Faith Based Organization,Kenya MPDB,19,5,Kakamega,Ikolomani,Ikolomani,Idakho Central,Operational,Yes,No,No,No,,Yes,Yes,No
15881,St. Monica Eregi Mission Health Centre,St. Monica Eregi Mission Health Centre,None,Level 3,Basic Health Centre,HEALTH CENTRE,Other Faith Based,Faith Based Organization,Kenya MPDB,18,0,Kakamega,Ikolomani,Ikolomani,Idakho South,Operational,Yes,No,No,No,,Yes,Yes,No
24071,Alfrose Medical Clinic,Alfrose Medical Clinic,015300,Level 2,Medical Clinic,MEDICAL CLINIC,Private Practice - Clinical Officer,Private Practice,Clinical Officers Council,1,1,Kakamega,Khwisero,Khwisero,Kisa Central,Operational,No,No,No,No,,Yes,Yes,No
20515,Ebuhala Health Centre,Ebuhala Health Centre,None,Level 3,Basic Health Centre,HEALTH CENTRE,Ministry of Health,Ministry of Health,Ministry of Health,5,0,Kakamega,Khwisero,Khwisero,Kisa West,Operational,No,No,No,No,,Yes,Yes,No
16714,Elwangale Health Centre,Elwangale Health Centre,None,Level 3,Basic Health Centre,HEALTH CENTRE,Ministry of Health,Ministry of Health,Ministry of Health,2,0,Kakamega,Khwisero,Khwisero,Kisa East,Operational,Yes,No,No,No,,Yes,Yes,No
18165,Emahene Medical Clinic,Emahene Medical Clinic,None,Level 2,Medical Clinic,MEDICAL CLINIC,Private Practice - Nurse / Midwifery,Private Practice,Nursing Council of Kenya (Private Practice),5,0,Kakamega,Khwisero,Khwisero,Kisa Central,Operational,No,No,Yes,No,,Yes,Yes,No
17409,Emalindi Health Centre,Emalindi Health Centre,None,Level 3,Basic Health Centre,HEALTH CENTRE,Ministry of Health,Ministry of Health,Ministry of Health,2,0,Kakamega,Khwisero,Khwisero,Kisa East,Operational,No,No,No,No,,Yes,Yes,No
25506,Emung'abo Dispensary,Emung'abo Dispensary,None,Level 2,Dispensary,DISPENSARY,Ministry of Health,Ministry of Health,Ministry of Health,1,1,Kakamega,Khwisero,Khwisero,Kisa Central,Operational,No,No,No,No,,Yes,Yes,No
19899,Eshiabwali Health Centre,Eshiabwali Health Centre,None,Level 3,Basic Health Centre,HEALTH CENTRE,Ministry of Health,Ministry of Health,Ministry of Health,1,0,Kakamega,Khwisero,Khwisero,Kisa East,Operational,Yes,Yes,Yes,Yes,,Yes,Yes,No
16115,Eshinutsa Health Centre,Eshinutsa Health Centre,None,Level 3,Basic Health Centre,HEALTH CENTRE,Ministry of Health,Ministry of Health,Ministry of Health,19,2,Kakamega,Khwisero,Khwisero,Kisa East,Operational,Yes,No,No,No,,Yes,Yes,No
19900,Ikomero Dispensary,Ikomero Dispensary,None,Level 2,Dispensary,DISPENSARY,Ministry of Health,Ministry of Health,Ministry of Health,6,4,Kakamega,Khwisero,Khwisero,Kisa West,Operational,No,No,No,No,,Yes,Yes,No
15940,Khwisero Health Centre,Khwisero Health Centre,None,Level 3,Basic Health Centre,HEALTH CENTRE,Ministry of Health,Ministry of Health,Ministry of Health,36,3,Kakamega,Khwisero,Khwisero,Kisa North,Operational,Yes,No,No,No,,Yes,Yes,No
16022,Moi's Bridge Nursing Home,Moi's Bridge Nursing Home,None,Level 3,Comprehensive health Centre,HEALTH CENTRE,Private Practice - Private Institution Academic,Private Practice,Kenya MPDB,6,0,Kakamega,Khwisero,Khwisero,Kisa East,Operational,No,No,No,No,,Yes,Yes,No
16027,Muhaka Health Centre,Muhaka Health Centre,None,Level 3,Basic Health Centre,HEALTH CENTRE,Ministry of Health,Ministry of Health,Ministry of Health,4,0,Kakamega,Khwisero,Khwisero,Kisa West,Operational,No,No,No,No,,Yes,Yes,No
20516,Mundobelwa Health centre,Mundobelwa Health Centre,None,Level 3,Basic Health Centre,HEALTH CENTRE,Ministry of Health,Ministry of Health,Ministry of Health,4,2,Kakamega,Khwisero,Khwisero,Kisa North,Operational,No,No,No,No,,Yes,Yes,No
16040,Mundoli Health Centre,Mundoli Health Centre,None,Level 3,Basic Health Centre,HEALTH CENTRE,Other Faith Based,Faith Based Organization,Kenya MPDB,10,0,Kakamega,Khwisero,Khwisero,Kisa Central,Operational,Yes,Yes,Yes,No,,Yes,Yes,No
16045,Munyanza Nursing Home,Munyanza Nursing Home,None,Level 3,Nursing Homes,NURSING HOME,Private Practice - Nurse / Midwifery,Private Practice,Nursing Council of Kenya (Private Practice),10,0,Kakamega,Khwisero,Khwisero,Kisa Central,Operational,No,No,Yes,No,,Yes,Yes,No
16058,Mwihila Mission Hospital,Mwihila Mission Hospital,None,Level 4,Primary care hospitals,HOSPITALS,Other Faith Based,Faith Based Organization,Kenya MPDB,73,1,Kakamega,Khwisero,Khwisero,Kisa North,Operational,Yes,No,No,No,,Yes,Yes,No
16065,Namasoli Health Centre,Namasoli Health Centre,None,Level 3,Basic Health Centre,HEALTH CENTRE,Christian Health Association of Kenya,Faith Based Organization,Kenya MPDB,22,3,Kakamega,Khwisero,Khwisero,Kisa Central,Operational,Yes,No,No,No,,Yes,Yes,No
16132,Sonak Community Medical Centre,Sonak Community Medical Centre,40749,Level 2,Medical Center,MEDICAL CENTER,Private Practice - Nurse / Midwifery,Private Practice,Kenya MPDB,38,6,Kakamega,Khwisero,Khwisero,Kisa Central,Operational,Yes,Yes,Yes,No,,Yes,Yes,No
18626,Beggs Nursing Home- Matunda,Beggs Nursing Home (Matunda),015892,Level 3,Nursing and Maternity Home,NURSING HOME,Private Practice - Nurse / Midwifery,Private Practice,Kenya MPDB,50,0,Kakamega,Likuyani,Likuyani,Nzoia,Operational,Yes,No,No,No,,Yes,Yes,No
15807,Biberion Clinic,Biberion Clinic,None,Level 2,Medical Clinic,MEDICAL CLINIC,Private Practice - Private Institution Academic,Private Practice,Kenya MPDB,5,0,Kakamega,Likuyani,Likuyani,Nzoia,Operational,Yes,Yes,Yes,No,,Yes,Yes,No
23266,Friend's Medical Clinic Matunda,Friend's Medical Clinic Matunda,None,Level 2,Medical Clinic,MEDICAL CLINIC,Private Practice - Nurse / Midwifery,Private Practice,Nursing Council of Kenya (Private Practice),1,1,Kakamega,Likuyani,Likuyani,Nzoia,Operational,No,No,No,No,,Yes,Yes,No
23271,Guardian Family Care Likuyani,Guardian Family Care Likuyani,None,Level 2,Medical Clinic,MEDICAL CLINIC,Private Practice - General Practitioner,Private Practice,Kenya MPDB,3,0,Kakamega,Likuyani,Likuyani,Nzoia,Operational,No,Yes,Yes,No,,Yes,Yes,No
24773,Joan Medical Clinic,Joan Medical Clinic,4/1/6/5B,Level 2,Medical Clinic,MEDICAL CLINIC,Private Practice - Nurse / Midwifery,Private Practice,Nursing Council of Kenya (Private Practice),1,0,Kakamega,Likuyani,Likuyani,Likuyani,Operational,No,Yes,Yes,No,,Yes,Yes,No
15955,Kongoni Health Centre,Kongoni Health Centre,None,Level 3,Basic Health Centre,HEALTH CENTRE,Ministry of Health,Ministry of Health,Ministry of Health,4,0,Kakamega,Likuyani,Likuyani,Kongoni,Operational,Yes,No,No,No,,Yes,Yes,No
26408,Kyheal Medical Clinic,Kyheal Medical Clinic,017277,Level 2,Medical Clinic,MEDICAL CLINIC,Private Practice - Nurse / Midwifery,Private Practice,Kenya MPDB,5,1,Kakamega,Likuyani,Likuyani,Sinoko,Operational,No,No,No,No,,Yes,Yes,No
15961,Likuyani Sub-County Hospital,Likuyani Sub-County Hospital,None,Level 4,Primary care hospitals,HOSPITALS,Ministry of Health,Ministry of Health,Ministry of Health,75,3,Kakamega,Likuyani,Likuyani,Likuyani,Operational,Yes,No,No,No,,Yes,Yes,No
15983,Mabusi Health Centre,Mabusi Health Centre,None,Level 3,Basic Health Centre,HEALTH CENTRE,Ministry of Health,Ministry of Health,Ministry of Health,7,0,Kakamega,Likuyani,Likuyani,Nzoia,Operational,Yes,No,No,No,,Yes,Yes,No
18946,Mama Kate Medical Clinic,Mama Kate Medical Clinic,None,Level 2,Medical Clinic,MEDICAL CLINIC,Private Practice - Nurse / Midwifery,Private Practice,Nursing Council of Kenya (Private Practice),2,2,Kakamega,Likuyani,Likuyani,Likuyani,Operational,Yes,No,Yes,Yes,,Yes,Yes,No
16007,Matunda Maternity Home,Matunda Maternity Home,None,Level 3,Comprehensive health Centre,HEALTH CENTRE,Private Practice - Private Institution Academic,Private Practice,Kenya MPDB,9,0,Kakamega,Likuyani,Likuyani,Nzoia,Operational,Yes,No,No,No,,Yes,Yes,No
16008,Matunda Sub-District Hospital,Matunda Sub-County Hospital,None,Level 4,Primary care hospitals,HOSPITALS,Ministry of Health,Ministry of Health,Ministry of Health,10,0,Kakamega,Likuyani,Likuyani,Nzoia,Operational,Yes,Yes,Yes,Yes,,Yes,Yes,No
26044,Nangili Med Clinic Likuyani,Nangili Med Clinic Likuyani,,Level 2,Medical Clinic,MEDICAL CLINIC,Private Practice - Nurse / Midwifery,Private Practice,Nursing Council of Kenya (Private Practice),1,0,Kakamega,Likuyani,Likuyani,Kongoni,Operational,Yes,Yes,Yes,Yes,,Yes,Yes,No
25196,Nzoia Medical Centre-Kakamega,Nzoia Medical Centre-Kakamega,None,Level 2,Medical Clinic,MEDICAL CLINIC,Private Practice - Clinical Officer,Private Practice,None,10,0,Kakamega,Likuyani,Likuyani,Nzoia,Operational,Yes,Yes,Yes,Yes,,Yes,Yes,No
26302,Piohealth Medical and Dental Center,Piohealth Medical and Dental Center,017387,Level 2,Medical Clinic,MEDICAL CLINIC,Private Practice - General Practitioner,Private Practice,Kenya MPDB,4,0,Kakamega,Likuyani,Likuyani,Likuyani,Operational,No,No,No,No,,Yes,Yes,No
27599,Appex panpaper medical Centre.,Appex panpaper medical Centre.,017899,Level 2,Medical Clinic,MEDICAL CLINIC,Private Practice - Clinical Officer,Private Practice,Kenya MPDB,4,0,Kakamega,Lugari,Lugari,Lugari,Operational,Yes,Yes,Yes,Yes,,Yes,Yes,No
15851,Chekalini Health Centre,Chekalini Health Centre,None,Level 3,HEALTH CENTRE,None,Ministry of Health,Ministry of Health,Ministry of Health,4,0,Kakamega,Lugari,Lugari,Chekalini,Operational,No,No,No,No,,Yes,Yes,No
15905,Ivona Wayside Clinic,Ivona Wayside Clinic,None,Level 2,Medical Clinic,MEDICAL CLINIC,Private Practice - Private Institution Academic,Private Practice,Kenya MPDB,9,0,Kakamega,Lugari,Lugari,Mautuma,Operational,No,No,No,No,,Yes,Yes,No
15969,Lumakanda Sub County Hospital,Lumakanda Sub County Hospital,None,Level 4,Primary care hospitals,HOSPITALS,Ministry of Health,Ministry of Health,Ministry of Health,45,3,Kakamega,Lugari,Lugari,Lumakanda,Operational,Yes,No,Yes,No,,Yes,Yes,No
16005,Matete Health Centre,Matete Health Centre,None,Level 3,Basic Health Centre,HEALTH CENTRE,Ministry of Health,Ministry of Health,Ministry of Health,14,0,Kakamega,Lugari,Lugari,Chevaywa,Operational,Yes,No,Yes,No,,Yes,Yes,No
16010,Mautuma Sub County Hospital,Mautuma Sub County Hospital,None,Level 4,Primary care hospitals,HOSPITALS,Ministry of Health,Ministry of Health,Ministry of Health,15,0,Kakamega,Lugari,Lugari,Mautuma,Operational,No,No,No,No,,Yes,Yes,No
15957,St Charles Lwanga Health Centre,St Charles Lwanga Health Centre,None,Level 3,Basic Health Centre,HEALTH CENTRE,Kenya Episcopal Conference-Catholic Secretariat,Faith Based Organization,Kenya MPDB,9,3,Kakamega,Lugari,Lugari,Chekalini,Operational,Yes,No,Yes,No,,Yes,Yes,No
22191,Vuyika Dispensary,Vuyika Dispensary,X,Level 2,Dispensary,DISPENSARY,Ministry of Health,Ministry of Health,Ministry of Health,3,0,Kakamega,Lugari,Lugari,Chevaywa,Operational,No,No,No,No,,Yes,Yes,No
15801,Ap Line Dispensary,AP Line Dispensary,None,Level 2,Dispensary,DISPENSARY,Ministry of Health,Ministry of Health,Ministry of Health,4,0,Kakamega,Lurambi,Lurambi,Shirere,Operational,No,No,No,No,,Yes,Yes,No
15820,Bukura Health Centre,Bukura Health Centre,None,Level 3,Basic Health Centre,HEALTH CENTRE,Ministry of Health,Ministry of Health,Ministry of Health,17,2,Kakamega,Lurambi,Lurambi,Butsotso South,Operational,Yes,No,Yes,No,,Yes,Yes,No
15872,Elukhambi Dispensary,Elukhambi Dispensary,None,Level 2,Dispensary,DISPENSARY,Ministry of Health,Ministry of Health,Ministry of Health,4,0,Kakamega,Lurambi,Lurambi,Butsotso South,Operational,No,No,No,No,,Yes,Yes,No
16762,Emusanda Health Centre,Emusanda Health Centre,None,Level 3,HEALTH CENTRE,None,Ministry of Health,Ministry of Health,Ministry of Health,12,3,Kakamega,Lurambi,Lurambi,Butsotso Central,Operational,Yes,No,No,No,,Yes,Yes,No
15882,Eshikhuyu Dispensary,Eshikhuyu Dispensary,None,Level 2,Dispensary,DISPENSARY,Ministry of Health,Ministry of Health,Ministry of Health,4,0,Kakamega,Lurambi,Lurambi,Butsotso Central,Operational,No,No,No,No,,Yes,Yes,No
16763,Eshisiru Catholic Dispensary,Eshisiru Catholic Dispensary,014788,Level 2,Dispensary,DISPENSARY,Kenya Episcopal Conference-Catholic Secretariat,Faith Based Organization,Kenya MPDB,1,0,Kakamega,Lurambi,Lurambi,Butsotso Central,Operational,No,No,No,No,,Yes,Yes,No
20803,Eshisiru Medical Cottage,Eshisiru Medical Cottage,None,Level 2,Medical Clinic,MEDICAL CLINIC,Private Practice - Clinical Officer,Private Practice,Clinical Officers Council,10,10,Kakamega,Lurambi,Lurambi,Shirere,Operational,No,No,No,No,,Yes,Yes,No
15844,Kakamega Central Nursing Home,Kakamega Central Nursing Home,None,Level 3,Comprehensive health Centre,HEALTH CENTRE,Private Practice - Private Institution Academic,Private Practice,Kenya MPDB,56,12,Kakamega,Lurambi,Lurambi,Sheywe,Operational,Yes,No,Yes,No,,Yes,Yes,No
15915,Kakamega County General Hospital,Kakamega County General Hospital,None,Level 5,Secondary care hospitals,HOSPITALS,Ministry of Health,Ministry of Health,Ministry of Health,449,79,Kakamega,Lurambi,Lurambi,Shirere,Operational,Yes,No,Yes,No,,Yes,Yes,No
17825,Kakamega Grace  Medical Centre,Kakamega Grace  Medical Centre,None,Level 3,Medical Center,MEDICAL CENTER,Private Practice - Clinical Officer,Private Practice,Clinical Officers Council,12,0,Kakamega,Lurambi,Lurambi,Shirere,Operational,Yes,No,Yes,No,,Yes,Yes,No
27335,Kakamega High School Medical Clinic,Kakamega High School Medical Clinic,None,Level 2,Medical Clinic,MEDICAL CLINIC,Private Practice - Clinical Officer,Private Practice,None,1,0,Kakamega,Lurambi,Lurambi,Shirere,Operational,No,No,Yes,No,,Yes,Yes,No
21433,Lupe Medical Centre,Lupe Medical Centre,None,Level 2,Medical Clinic,MEDICAL CLINIC,Private Practice - Medical Specialist,Private Practice,Kenya MPDB,30,30,Kakamega,Lurambi,Lurambi,Shirere,Operational,No,No,No,No,,Yes,Yes,No
16062,Nala Maternity and Nursing Home,Nala Maternity and Nursing Home,None,Level 3,Comprehensive health Centre,HEALTH CENTRE,Private Practice - Private Institution Academic,Private Practice,Kenya MPDB,57,5,Kakamega,Lurambi,Lurambi,Shirere,Operational,Yes,No,Yes,No,,Yes,Yes,No
19960,Sakali Dispensary,Sakali Dispensary,None,Level 2,Dispensary,DISPENSARY,Ministry of Health,Ministry of Health,Nursing Council of Kenya (Private Practice),2,2,Kakamega,Lurambi,Lurambi,Mahiakalo,Operational,No,No,No,No,,Yes,Yes,No
None,St. Gallen Oncollogy Network,St. Gallen Oncollogy Network,None,Level 2,Laboratory,STAND ALONE,Private Practice - Medical Specialist,Private Practice,None,5,0,Kakamega,Lurambi,Lurambi,Shirere,Operational,No,No,No,No,,Yes,Yes,No
23713,ST.Pauls Eemusonga Medical Centre,ST.Pauls Eemusonga Medical Centre,014949,Level 3,Medical Center,MEDICAL CENTER,Private Practice - Nurse / Midwifery,Private Practice,Nursing Council of Kenya (Private Practice),6,0,Kakamega,Lurambi,Lurambi,Shirere,Operational,Yes,Yes,Yes,Yes,,Yes,Yes,No
23178,Tropical Nursing Home Kakamega,Tropical Nursing Home Kakamega,None,Level 2,Medical Clinic,MEDICAL CLINIC,Private Practice - General Practitioner,Private Practice,Kenya MPDB,7,4,Kakamega,Lurambi,Lurambi,Shirere,Operational,No,Yes,Yes,Yes,,Yes,Yes,No
15858,Chimoi Dispensary,Chimoi Dispensary,None,Level 2,Dispensary,DISPENSARY,Kenya Episcopal Conference-Catholic Secretariat,Faith Based Organization,Kenya MPDB,18,3,Kakamega,Malava,Malava,Manda-shivanga,Operational,Yes,No,Yes,No,,Yes,Yes,No
24959,Imara Highway Clinic,Imara Highway Clinic,015562,Level 2,Medical Clinic,MEDICAL CLINIC,Private Practice - Clinical Officer,Private Practice,Ministry of Health,1,0,Kakamega,Malava,Malava,Shirungu-mugai,Operational,Yes,Yes,Yes,Yes,,Yes,Yes,No
15996,Malava Sub County Hospital,Malava Sub County Hospital,None,Level 4,Primary care hospitals,HOSPITALS,Ministry of Health,Ministry of Health,Ministry of Health,66,8,Kakamega,Malava,Malava,Shirungu-mugai,Operational,Yes,No,Yes,No,,Yes,Yes,No
25243,Mwanza Medicare Centre Clinic,Mwanza Medicare Centre Clinic,016147,Level 2,Medical Clinic,MEDICAL CLINIC,Private Practice - Clinical Officer,Private Practice,Clinical Officers Council,1,0,Kakamega,Malava,Malava,South Kabras,Operational,No,Yes,Yes,No,,Yes,Yes,No
16105,Shamberere Health Centre,Shamberere Health Centre,None,Level 3,Comprehensive health Centre,HEALTH CENTRE,Ministry of Health,Ministry of Health,Ministry of Health,1,1,Kakamega,Malava,Malava,South Kabras,Operational,No,No,No,No,,Yes,Yes,No
21043,Shivakala Dispensary,Shivakala Dispensary,None,Level 2,Dispensary,DISPENSARY,Ministry of Health,Ministry of Health,Ministry of Health,5,2,Kakamega,Malava,Malava,South Kabras,Operational,No,No,No,No,,Yes,Yes,No
25984,Silungai Dispensary,Silungai Dispensary,2020,Level 2,Dispensary,DISPENSARY,Ministry of Health,Ministry of Health,Ministry of Health,2,2,Kakamega,Malava,Malava,Manda-shivanga,Operational,No,No,No,No,,Yes,Yes,No
22768,Bliss M Clinic,Bliss Medical Clinic,None,Level 2,Medical Clinic,MEDICAL CLINIC,Private Practice - Clinical Officer,Private Practice,Clinical Officers Council,26,0,Kakamega,Matungu,Matungu,Koyonzo,Operational,Yes,Yes,Yes,Yes,,Yes,Yes,No
22765,Bliss Medical Clinic,Bliss Medical Clinic,None,Level 2,Medical Clinic,MEDICAL CLINIC,Private Practice - Clinical Officer,Private Practice,Clinical Officers Council,26,0,Kakamega,Matungu,Matungu,Koyonzo,Operational,Yes,Yes,Yes,Yes,,Yes,Yes,No
23582,Capitalcare Medical Centre,Capitalcare Medical Centre,None,Level 2,Medical Clinic,MEDICAL CLINIC,Private Practice - Clinical Officer,Private Practice,Clinical Officers Council,12,1,Kakamega,Matungu,Matungu,Koyonzo,Operational,Yes,Yes,Yes,No,,Yes,Yes,No
26051,Eliss Medical clinic,Eliss Medical clinic,R3456,Level 2,Medical Clinic,MEDICAL CLINIC,Private Practice - Clinical Officer,Private Practice,Clinical Officers Council,3,0,Kakamega,Matungu,Matungu,Koyonzo,Operational,Yes,No,No,No,,Yes,Yes,No
23609,Fina Medical Nursing Home,Fina Medical Nursing Home,005765,Level 3,Comprehensive health Centre,HEALTH CENTRE,Private Practice - Nurse / Midwifery,Private Practice,Nursing Council of Kenya (Private Practice),16,0,Kakamega,Matungu,Matungu,Kholera,Operational,Yes,Yes,Yes,No,,Yes,Yes,No
17929,Indangalasia Dispensary,Indangalasia Dispensary,None,Level 2,Dispensary,DISPENSARY,Ministry of Health,Ministry of Health,Ministry of Health,4,0,Kakamega,Matungu,Matungu,Koyonzo,Operational,No,No,No,No,,Yes,Yes,No
25720,Itete Dispensary,Itete Dispensary,01245,Level 2,Dispensary,DISPENSARY,Ministry of Health,Ministry of Health,Ministry of Health,8,3,Kakamega,Matungu,Matungu,Koyonzo,Operational,No,No,No,No,,Yes,Yes,No
18825,Jehova Rapha Clinic,Jehovah Rapha Clinic,None,Level 2,Medical Clinic,MEDICAL CLINIC,Private Practice - Nurse / Midwifery,Private Practice,Nursing Council of Kenya (Private Practice),2,2,Kakamega,Matungu,Matungu,Mayoni,Operational,No,Yes,Yes,No,,Yes,Yes,No
15931,Khalaba Health Centre,Khalaba Health Centre,None,Level 3,Basic Health Centre,HEALTH CENTRE,Ministry of Health,Ministry of Health,Ministry of Health,4,0,Kakamega,Matungu,Matungu,Khalaba,Operational,Yes,No,Yes,No,,Yes,Yes,No
20671,Lubanga Dispensary,Lubanga Dispensary,None,Level 2,Dispensary,DISPENSARY,Ministry of Health,Ministry of Health,Ministry of Health,2,0,Kakamega,Matungu,Matungu,Namamali,Operational,No,No,No,No,,Yes,Yes,No
15972,Lung'anyiro Health Centre,Lung'anyiro Health Centre,None,Level 3,Basic Health Centre,HEALTH CENTRE,Ministry of Health,Ministry of Health,Ministry of Health,8,0,Kakamega,Matungu,Matungu,Namamali,Operational,Yes,Yes,Yes,No,,Yes,Yes,No
25699,Lutasio Health Centre,Lutasio Health Centre,None,Level 3,Basic Health Centre,HEALTH CENTRE,Ministry of Health,Ministry of Health,Ministry of Health,2,2,Kakamega,Matungu,Matungu,Khalaba,Operational,No,No,No,No,,Yes,Yes,No
16037,Matungu Sub-County Hospital,Matungu Sub County Hospital,None,Level 4,Primary care hospitals,HOSPITALS,Ministry of Health,Ministry of Health,Ministry of Health,64,4,Kakamega,Matungu,Matungu,Mayoni,Operational,Yes,No,No,No,,Yes,Yes,No
17931,Mirere Health Centre,Mirere Health Centre,None,Level 3,Basic Health Centre,HEALTH CENTRE,Ministry of Health,Ministry of Health,Ministry of Health,10,0,Kakamega,Matungu,Matungu,Namamali,Operational,No,No,No,No,,Yes,Yes,No
25698,Namasanda Health Centre,Namasanda Health Centre,None,Level 2,Basic Health Centre,HEALTH CENTRE,Ministry of Health,Ministry of Health,Ministry of Health,10,2,Kakamega,Matungu,Matungu,Kholera,Operational,No,No,No,No,,Yes,Yes,No
16070,Namulungu Dispensary,Namulungu Dispensary,None,Level 2,Dispensary,DISPENSARY,Ministry of Health,Ministry of Health,Ministry of Health,4,0,Kakamega,Matungu,Matungu,Kholera,Operational,No,No,No,No,,Yes,Yes,No
26084,Oceamnic Medical  Centre,Oceamnic Medical  Centre,None,Level 2,Medical Center,MEDICAL CENTER,Private Practice - Clinical Officer,Private Practice,Clinical Officers Council,18,2,Kakamega,Matungu,Matungu,Mayoni,Operational,Yes,No,No,No,,Yes,Yes,No
26052,Shibale Medical Clinic,Shibale Medical Clinic,3456,Level 2,Medical Clinic,MEDICAL CLINIC,Private Practice - Clinical Officer,Private Practice,Clinical Officers Council,2,0,Kakamega,Matungu,Matungu,Koyonzo,Operational,No,No,No,No,,Yes,Yes,No
22776,St Angela Medical Centre,St Angela Medical Centre,None,Level 2,Medical Clinic,MEDICAL CLINIC,Private Practice - Clinical Officer,Private Practice,Clinical Officers Council,3,1,Kakamega,Matungu,Matungu,Mayoni,Operational,Yes,Yes,Yes,Yes,,Yes,Yes,No
17930,St Pauls Ejinja Dispensary,St Pauls Ejinja Dispensary,None,Level 2,Dispensary,DISPENSARY,Kenya Episcopal Conference-Catholic Secretariat,Faith Based Organization,Kenya MPDB,4,0,Kakamega,Matungu,Matungu,Koyonzo,Operational,No,Yes,Yes,No,,Yes,Yes,No
24304,Westland  Koyonzo Medicare Clinic,Westland koyonzo Medicare Clinic,015337,Level 2,Medical Clinic,MEDICAL CLINIC,Private Practice - Clinical Officer,Private Practice,Clinical Officers Council,2,0,Kakamega,Matungu,Matungu,Koyonzo,Operational,No,Yes,Yes,No,,Yes,Yes,No
18802,Kamashia Health Centre,Kamashia Health Centre,GK-013997,Level 3,HEALTH CENTRE,None,Ministry of Health,Ministry of Health,Ministry of Health,4,1,Kakamega,Mumias East,Mumias East,Lusheya/Lubinu,Operational,Yes,No,No,No,,Yes,Yes,No
15936,Khaunga Health centre,Khaunga Health Centre,GK013999,Level 3,HEALTH CENTRE,None,Ministry of Health,Ministry of Health,Ministry of Health,16,0,Kakamega,Mumias East,Mumias East,East Wanga,Operational,Yes,Yes,Yes,Yes,,Yes,Yes,No
15991,Makunga Rhdc,Makunga RHDC,None,Level 3,Basic Health Centre,HEALTH CENTRE,Ministry of Health,Ministry of Health,Ministry of Health,12,0,Kakamega,Mumias East,Mumias East,Malaha/Isongo/Makunga,Operational,Yes,No,Yes,No,,Yes,Yes,No
17150,Malaha Dispensary,Malaha dispensary,None,Level 2,Dispensary,DISPENSARY,Ministry of Health,Ministry of Health,Ministry of Health,4,0,Kakamega,Mumias East,Mumias East,Malaha/Isongo/Makunga,Operational,No,No,No,No,,Yes,Yes,No
16041,Mung'ang'a Health centre,Mung'ang'a Dispensary,None,Level 3,HEALTH CENTRE,None,Ministry of Health,Ministry of Health,Ministry of Health,3,0,Kakamega,Mumias East,Mumias East,East Wanga,Operational,Yes,Yes,Yes,Yes,,Yes,Yes,No
21100,Musango Dispensary,Musango Dispensary,None,Level 2,Dispensary,DISPENSARY,Ministry of Health,Ministry of Health,Ministry of Health,2,0,Kakamega,Mumias East,Mumias East,Malaha/Isongo/Makunga,Operational,No,No,No,No,,Yes,Yes,No
17082,Nyaporo Dispensary,Nyaporo Dispensary,None,Level 2,Dispensary,DISPENSARY,Ministry of Health,Ministry of Health,Ministry of Health,4,0,Kakamega,Mumias East,Mumias East,Malaha/Isongo/Makunga,Operational,Yes,No,No,No,,Yes,Yes,No
20194,Shianda Dispensary,Shianda Dispensary,None,Level 3,Dispensary,DISPENSARY,Ministry of Health,Ministry of Health,Ministry of Health,3,0,Kakamega,Mumias East,Mumias East,East Wanga,Operational,No,No,Yes,No,,Yes,Yes,No
23512,Testimony Medical Clinic,Testimony Medical Clinic,924,Level 2,Medical Clinic,MEDICAL CLINIC,Private Practice - Clinical Officer,Private Practice,Clinical Officers Council,2,2,Kakamega,Mumias East,Mumias East,East Wanga,Operational,No,No,No,No,,Yes,Yes,No
21149,Alphond Medical Centre,Alphond Medical Centre,None,Level 3,Medical Center,MEDICAL CENTER,Private Practice - Clinical Officer,Private Practice,Clinical Officers Council,3,0,Kakamega,Mumias West,Mumias West,Mumias Central,Operational,No,No,No,No,,Yes,Yes,No
15817,Bukaya Health Centre,Bukaya Health Centre,None,Level 3,Basic Health Centre,HEALTH CENTRE,Ministry of Health,Ministry of Health,Ministry of Health,12,0,Kakamega,Mumias West,Mumias West,Etenje,Operational,Yes,No,Yes,No,,Yes,Yes,No
15827,Bungasi Health Centre,Bungasi Health Centre,None,Level 3,Basic Health Centre,HEALTH CENTRE,Ministry of Health,Ministry of Health,Ministry of Health,12,0,Kakamega,Mumias West,Mumias West,Musanda,Operational,Yes,No,No,No,,Yes,Yes,No
17217,Eshikulu Dispensary,Eshikulu Dispensary,None,Level 2,Dispensary,DISPENSARY,Ministry of Health,Ministry of Health,Ministry of Health,3,1,Kakamega,Mumias West,Mumias West,Etenje,Operational,No,No,No,No,,Yes,Yes,No
22949,George Mudenyo Kadima Nasio Trust (Mumias West),George Mudenyo Kadima Nasio Trust (Mumias West),None,Level 2,Medical Clinic,MEDICAL CLINIC,Private Practice - Clinical Officer,Private Practice,Clinical Officers Council,2,0,Kakamega,Mumias West,Mumias West,Etenje,Operational,No,No,No,No,,Yes,Yes,No
25498,Ichinga Dispensary,Ichinga Dispensary,118184,Level 2,Dispensary,DISPENSARY,Ministry of Health,Ministry of Health,Ministry of Health,3,0,Kakamega,Mumias West,Mumias West,Mumias North,Operational,No,No,No,No,,Yes,Yes,No
25166,Mumias Level IV Hospital,Mumias Level IV Hospital,9651,Level 4,Primary care hospitals,HOSPITALS,Ministry of Health,Ministry of Health,Ministry of Health,100,0,Kakamega,Mumias West,Mumias West,Mumias Central,Operational,Yes,No,No,No,,Yes,Yes,No
25507,Musanda Dispensary,Musanda Dispensary,5737,Level 2,Dispensary,DISPENSARY,Ministry of Health,Ministry of Health,Clinical Officers Council,3,0,Kakamega,Mumias West,Mumias West,Musanda,Operational,No,No,No,No,,Yes,Yes,No
25508,Nyapeta Dispensary,Nyapeta Dispensary,None,Level 2,Dispensary,DISPENSARY,Ministry of Health,Ministry of Health,None,3,0,Kakamega,Mumias West,Mumias West,Etenje,Operational,No,No,No,No,,Yes,Yes,No
15810,Buchangu Dispensary,Buchangu Dispensary,None,Level 2,Dispensary,DISPENSARY,Ministry of Health,Ministry of Health,Ministry of Health,4,0,Kakamega,Navakholo,Navakholo,Bunyala Central,Operational,No,No,No,No,,Yes,Yes,No
15812,Budonga Dispensary,Budonga Dispensary,None,Level 2,Dispensary,DISPENSARY,Ministry of Health,Ministry of Health,Ministry of Health,4,0,Kakamega,Navakholo,Navakholo,Bunyala West,Operational,No,No,No,No,,Yes,Yes,No
15833,Bushiri Health Centre,Bushiri Health Centre,None,Level 3,Basic Health Centre,HEALTH CENTRE,Ministry of Health,Ministry of Health,Ministry of Health,13,1,Kakamega,Navakholo,Navakholo,Ingoste-matiha,Operational,Yes,No,Yes,No,,Yes,Yes,No
20043,Butingo Dispensary,Butingo Dispensary,None,Level 2,Dispensary,DISPENSARY,Ministry of Health,Ministry of Health,Ministry of Health,3,1,Kakamega,Navakholo,Navakholo,Bunyala West,Operational,No,No,Yes,No,,Yes,Yes,No
16867,Ematiha Dispensary,Ematiha Dispensary,None,Level 2,Dispensary,DISPENSARY,Ministry of Health,Ministry of Health,Ministry of Health,4,0,Kakamega,Navakholo,Navakholo,Ingoste-matiha,Operational,No,No,No,No,,Yes,Yes,No
15877,Emukaya Clinic,Emukaya Clinic,None,Level 2,Medical Clinic,MEDICAL CLINIC,Private Practice - Private Institution Academic,Private Practice,Nursing Council of Kenya (Private Practice),3,0,Kakamega,Navakholo,Navakholo,Shinoyi-shikomari-esumeiya,Operational,No,No,No,No,,Yes,Yes,No
15902,Ingotse Dispensary,Ingotse Dispensary,None,Level 2,Dispensary,DISPENSARY,Christian Health Association of Kenya,Faith Based Organization,Kenya MPDB,24,0,Kakamega,Navakholo,Navakholo,Ingoste-matiha,Operational,No,No,No,No,,Yes,Yes,No
20044,Kisembe Dispensary,Kisembe Dispensary,None,Level 2,Dispensary,DISPENSARY,Ministry of Health,Ministry of Health,Ministry of Health,5,2,Kakamega,Navakholo,Navakholo,Bunyala West,Operational,No,No,Yes,No,,Yes,Yes,No
15978,Lutaso Dispensary,Lutaso Dispensary,None,Level 2,Dispensary,DISPENSARY,Other Faith Based,Faith Based Organization,Kenya MPDB,8,5,Kakamega,Navakholo,Navakholo,Bunyala East,Operational,No,No,No,No,,Yes,Yes,No
20045,Natunyi Dispensary,Natunyi Dispensary,None,Level 2,Dispensary,DISPENSARY,Ministry of Health,Ministry of Health,Ministry of Health,1,0,Kakamega,Navakholo,Navakholo,Bunyala East,Operational,No,No,No,No,,Yes,Yes,No
16078,Navakholo Sub-District Hospital,Navakholo Sub-District Hospital,None,Level 4,Primary care hospitals,HOSPITALS,Ministry of Health,Ministry of Health,Ministry of Health,16,1,Kakamega,Navakholo,Navakholo,Bunyala Central,Operational,Yes,No,Yes,No,,Yes,Yes,No
27549,Arizona Medical Center Limited,Arizona Medical Center Limited,017367,Level 3,Nursing Homes,NURSING HOME,Private Practice - General Practitioner,Private Practice,Kenya MPDB,14,0,Kakamega,Shinyalu,Shinyalu,Isukha South,Operational,Yes,Yes,Yes,Yes,,Yes,Yes,No
22441,Chirobani Dispensary,Chirobani Dispensary,None,Level 2,Dispensary,DISPENSARY,Ministry of Health,Ministry of Health,Ministry of Health,2,0,Kakamega,Shinyalu,Shinyalu,Isukha East,Operational,No,No,No,No,,Yes,Yes,No
15900,Ileho Health Centre,Ileho Health Centre,None,Level 3,Basic Health Centre,HEALTH CENTRE,Ministry of Health,Ministry of Health,Ministry of Health,7,4,Kakamega,Shinyalu,Shinyalu,Isukha East,Operational,Yes,No,Yes,No,,Yes,Yes,No
21695,Imakuyi Dispensary,Imakuyi Dispensary,None,Level 2,Dispensary,DISPENSARY,Ministry of Health,Ministry of Health,Ministry of Health,2,0,Kakamega,Shinyalu,Shinyalu,Murhanda,Operational,No,No,No,No,,Yes,Yes,No
21891,Ingolomosio Dispensary,Ingolomosio Dispensary,None,Level 2,Dispensary,DISPENSARY,Ministry of Health,Ministry of Health,Ministry of Health,2,2,Kakamega,Shinyalu,Shinyalu,Isukha North,Operational,No,No,No,No,,Yes,Yes,No
21089,Ivochio Dispensary,Ivochio Dispensary,None,Level 2,Dispensary,DISPENSARY,Ministry of Health,Ministry of Health,Ministry of Health,1,1,Kakamega,Shinyalu,Shinyalu,Murhanda,Operational,No,No,No,No,,Yes,Yes,No
15907,Jamii Health Services Medical Clinic,Jamii Health Services Medical Clinic,None,Level 2,Medical Clinic,MEDICAL CLINIC,Private Practice - Private Institution Academic,Private Practice,Kenya MPDB,1,0,Kakamega,Shinyalu,Shinyalu,Isukha North,Operational,No,No,Yes,No,,Yes,Yes,No
27537,Kambiri First choice Medical Centre,Kambiri First Choice Medical Centre,017885,Level 2,Medical Clinic,MEDICAL CLINIC,Private Practice - Clinical Officer,Private Practice,Kenya MPDB,2,0,Kakamega,Shinyalu,Shinyalu,Isukha North,Operational,No,No,No,No,,Yes,Yes,No
20536,Khayega Medical Clinic,Khayega Medical Clinic,None,Level 2,Medical Clinic,MEDICAL CLINIC,Private Practice - Clinical Officer,Private Practice,Clinical Officers Council,1,1,Kakamega,Shinyalu,Shinyalu,Isukha South,Operational,No,No,No,No,,Yes,Yes,No
20077,Lyson Manyatta Clinic,Lyson Manyatta Medical and Laboratory Services LTD,None,Level 2,Medical Clinic,MEDICAL CLINIC,Private Practice - Nurse / Midwifery,Private Practice,Nursing Council of Kenya (Private Practice),6,0,Kakamega,Shinyalu,Shinyalu,Isukha North,Operational,No,No,No,No,,Yes,Yes,No
17597,Mugomari Dispensary,Mugomari Dispensary,None,Level 2,Dispensary,DISPENSARY,Ministry of Health,Ministry of Health,Ministry of Health,3,1,Kakamega,Shinyalu,Shinyalu,Isukha West,Operational,No,No,Yes,No,,Yes,Yes,No
16030,Mukumu Hospital,Mukumu Hospital,None,Level 4,Primary care hospitals,HOSPITALS,Other Faith Based,Faith Based Organization,Kenya MPDB,228,20,Kakamega,Shinyalu,Shinyalu,Isukha South,Operational,Yes,No,Yes,No,,Yes,Yes,No
26954,Our Health Medical Centre Ltd,Our Health Medical Centre Ltd,015641,Level 2,Medical Clinic,MEDICAL CLINIC,Private Practice - Nurse / Midwifery,Private Practice,Kenya MPDB,29,29,Kakamega,Shinyalu,Shinyalu,Isukha Central,Operational,Yes,Yes,Yes,Yes,,Yes,Yes,No
16104,Shamakhubu Health Centre,Shamakhubu Health Centre,None,Level 3,Basic Health Centre,HEALTH CENTRE,Ministry of Health,Ministry of Health,Ministry of Health,6,0,Kakamega,Shinyalu,Shinyalu,Murhanda,Operational,Yes,No,Yes,No,,Yes,Yes,No
25505,Sheywe Community Hospital Limited,Sheywe Community Hospital Limited,017097,Level 3,Basic Health Centre,HEALTH CENTRE,Private Practice - Clinical Officer,Private Practice,Kenya MPDB,65,0,Kakamega,Shinyalu,Shinyalu,Isukha South,Operational,Yes,Yes,Yes,Yes,,Yes,Yes,No
27230,Shidodo Health Care Centre,Shidodo Health Care Centre,017905,Level 2,Medical Clinic,MEDICAL CLINIC,Private Practice - Clinical Officer,Private Practice,Kenya MPDB,1,0,Kakamega,Shinyalu,Shinyalu,Isukha South,Operational,No,Yes,Yes,No,,Yes,Yes,No
16112,Shikusa Health Centre,Shikusa Health Centre,None,Level 3,Basic Health Centre,HEALTH CENTRE,Ministry of Health,Ministry of Health,Ministry of Health,5,0,Kakamega,Shinyalu,Shinyalu,Isukha North,Operational,Yes,No,Yes,No,,Yes,Yes,No
17596,Shinyalu Model Health Centre,Shinyalu Model Health Centre,None,Level 3,Basic Health Centre,HEALTH CENTRE,Ministry of Health,Ministry of Health,Ministry of Health,16,4,Kakamega,Shinyalu,Shinyalu,Isukha Central,Operational,No,No,Yes,No,,Yes,Yes,No
20174,Vikunga Dispensary,Vikunga Dispensary,None,Level 2,Dispensary,DISPENSARY,Ministry of Health,Ministry of Health,Ministry of Health,2,1,Kakamega,Shinyalu,Shinyalu,Isukha West,Operational,No,No,No,No,,Yes,Yes,No
20175,Virhembe Nursing Home,Virhembe Nursing Home,None,Level 3,Nursing Homes,NURSING HOME,Non-Governmental Organizations,Non-Governmental Organizations,Nursing Council of Kenya (Private Practice),15,15,Kakamega,Shinyalu,Shinyalu,Isukha Central,Operational,Yes,Yes,Yes,No,,Yes,Yes,No
19897,Abundant Life Clinic,Abundant Life Clinic,None,Level 2,Medical Clinic,MEDICAL CLINIC,Private Practice - Private Institution Academic,Private Practice,Kenya MPDB,2,0,Kisumu,Kisumu Central,Kisumu Central,Nyalenda B,Operational,No,No,No,No,,Yes,Yes,No
25539,Africa Inuka Hospital,Africa Inuka Hospital,16927,Level 4,Secondary care hospitals,HOSPITALS,Private Practice - General Practitioner,Private Practice,Kenya MPDB,60,5,Kisumu,Kisumu Central,Kisumu Central,Market Milimani,Operational,Yes,Yes,Yes,Yes,,Yes,Yes,No
13465,Aga Khan Hospital (Kisumu),Aga Khan Hospital (Kisumu),None,Level 4,Primary care hospitals,HOSPITALS,Private Practice - Private Institution Academic,Private Practice,Kenya MPDB,56,9,Kisumu,Kisumu Central,Kisumu Central,Market Milimani,Operational,Yes,No,Yes,No,,Yes,Yes,No
28239,Ambercare Medical Care,Ambercare Medical Care,17016,Level 3,Medical Center,MEDICAL CENTER,Private Practice - Private Company,Private Practice,Kenya MPDB,2,0,Kisumu,Kisumu Central,Kisumu Central,Railways,Operational,No,No,Yes,Yes,,Yes,Yes,No
20123,Avenue Hospital Kisumu,Avenue Hospital Kisumu,None,Level 4,Primary care hospitals,HOSPITALS,Private Practice - Private Institution Academic,Private Practice,Kenya MPDB,70,6,Kisumu,Kisumu Central,Kisumu Central,Railways,Operational,No,No,No,No,,Yes,Yes,No
23534,Bliss GVS Health Care,Bliss Gvs Healthcare (Al-Imran Plaza),None,Level 2,Medical Clinic,MEDICAL CLINIC,Private Practice - Medical Specialist,Private Practice,Kenya MPDB,4,0,Kisumu,Kisumu Central,Kisumu Central,Market Milimani,Operational,Yes,Yes,Yes,Yes,,Yes,Yes,No
23742,Bliss GVS Health Care -Mega plaza,Bliss GVS Health Care (Mega plaza),None,Level 2,Medical Clinic,MEDICAL CLINIC,Private Practice - Clinical Officer,Private Practice,Clinical Officers Council,10,0,Kisumu,Kisumu Central,Kisumu Central,Market Milimani,Operational,No,No,No,No,,Yes,Yes,No
25949,Bloom Surgical Centre,Bloom Surgical Centre,16746,Level 3,Medical Center,MEDICAL CENTER,Private Practice - Medical Specialist,Private Practice,Kenya MPDB,12,0,Kisumu,Kisumu Central,Kisumu Central,Market Milimani,Operational,Yes,Yes,Yes,Yes,,Yes,Yes,No
24971,Dalcoo Medical Centre(Kisumu Central),Dalcoo Medical Centre,016310,Level 3,Medical Center,MEDICAL CENTER,Private Practice - Clinical Officer,Private Practice,Kenya MPDB,20,4,Kisumu,Kisumu Central,Kisumu Central,Kondele,Operational,Yes,Yes,Yes,Yes,,Yes,Yes,No
24880,Danid Care Services,Danid Care Services,005711,Level 3,Nursing Homes,NURSING HOME,Private Practice - Clinical Officer,Private Practice,Kenya MPDB,30,0,Kisumu,Kisumu Central,Kisumu Central,Kondele,Operational,Yes,Yes,Yes,Yes,,Yes,Yes,No
27558,"Equity Afia, Kisumu","Equity Afia, Kisumu",017803,Level 3,Medical Clinic,MEDICAL CLINIC,Private Practice - Medical Specialist,Private Practice,Kenya MPDB,10,0,Kisumu,Kisumu Central,Kisumu Central,Railways,Operational,No,No,No,No,,Yes,Yes,No
24940,Fairmont Hospital,Fairmont Hospital,016385,Level 4,Primary care hospitals,HOSPITALS,Private Practice - General Practitioner,Private Practice,Kenya MPDB,20,4,Kisumu,Kisumu Central,Kisumu Central,Railways,Operational,Yes,Yes,Yes,Yes,,Yes,Yes,No
19927,Global Providers International Clinic,Global Providers International Clinic,None,Level 2,Medical Clinic,MEDICAL CLINIC,Non-Governmental Organizations,Non-Governmental Organizations,Kenya MPDB,3,0,Kisumu,Kisumu Central,Kisumu Central,Kondele,Operational,No,No,Yes,No,,Yes,Yes,No
24018,Gramy Medical Clinic,Gramy Medical Clinic,None,Level 2,Medical Clinic,MEDICAL CLINIC,Private Practice - Clinical Officer,Private Practice,Clinical Officers Council,1,0,Kisumu,Kisumu Central,Kisumu Central,Market Milimani,Operational,No,No,No,No,,Yes,Yes,No
20962,Helsamy Medical Clinic,Helsamy Medical Clinic,None,Level 2,Medical Clinic,MEDICAL CLINIC,Private Practice - Clinical Officer,Private Practice,Clinical Officers Council,1,0,Kisumu,Kisumu Central,Kisumu Central,Kondele,Operational,No,No,No,No,,Yes,Yes,No
22105,Hope for Widows & Children Foundation  Nursing Home,Hope for Widows & Children Foundation Nursing Home,None,Level 2,Medical Clinic,MEDICAL CLINIC,Private Practice - General Practitioner,Private Practice,Kenya MPDB,15,0,Kisumu,Kisumu Central,Kisumu Central,Nyalenda B,Operational,Yes,Yes,Yes,Yes,,Yes,Yes,No
16663,Impact Healthcare Services,Impact Healthcare Services,015143,Level 2,Medical Clinic,MEDICAL CLINIC,Private Practice - General Practitioner,Private Practice,Kenya MPDB,35,0,Kisumu,Kisumu Central,Kisumu Central,Railways,Operational,Yes,No,No,No,,Yes,Yes,No
20539,Interfelk Medical Centre,Interfelk Medical Centre,None,Level 2,Medical Clinic,MEDICAL CLINIC,Private Practice - Private Institution Academic,Private Practice,Kenya MPDB,2,2,Kisumu,Kisumu Central,Kisumu Central,Nyalenda B,Operational,No,No,No,No,,Yes,Yes,No
21704,Inuka Medical Clinic,Inuka Medical Clinic,None,Level 2,Medical Clinic,MEDICAL CLINIC,Private Practice - General Practitioner,Private Practice,Kenya MPDB,2,0,Kisumu,Kisumu Central,Kisumu Central,Market Milimani,Operational,No,No,Yes,No,,Yes,Yes,No
13939,Jaramogi Oginga Odinga Teaching & Referral Hospital,Jaramogi Oginga Odinga Teaching & Referral Hospital,None,Level 5,Secondary care hospitals,HOSPITALS,Ministry of Health,Ministry of Health,Ministry of Health,457,0,Kisumu,Kisumu Central,Kisumu Central,Kondele,Operational,Yes,Yes,Yes,Yes,,Yes,Yes,No
24824,Jobefar Medical Centre,Jobefar Medical Centre,005690,Level 3,Basic Health Centre,HEALTH CENTRE,Private Practice - General Practitioner,Private Practice,Kenya MPDB,5,0,Kisumu,Kisumu Central,Kisumu Central,Market Milimani,Operational,Yes,Yes,Yes,Yes,,Yes,Yes,No
20937,Kilimani Assessment Center,Kiliman Assessment Center,None,Level 2,Medical Clinic,MEDICAL CLINIC,Private Practice - Medical Specialist,Private Practice,Kenya MPDB,22,0,Kisumu,Kisumu Central,Kisumu Central,Market Milimani,Operational,No,No,No,No,,Yes,Yes,No
13704,Kisumu County Hospital,Kisumu County Hospital,None,Level 4,Primary care hospitals,HOSPITALS,Ministry of Health,Ministry of Health,Ministry of Health,180,5,Kisumu,Kisumu Central,Kisumu Central,Market Milimani,Operational,Yes,No,No,No,,Yes,Yes,No
28234,Kisumu Heart Centre,Kisumu Heart Centre,18322,Level 3,Medical Center,MEDICAL CENTER,Private Practice - Private Company,Private Practice,Kenya MPDB,25,0,Kisumu,Kisumu Central,Kisumu Central,Shauri Moyo Kaloleni,Operational,Yes,Yes,Yes,Yes,,Yes,Yes,No
17554,K-MET Corkran Medical Clinic,K-MET Corkran Medical Clinic,None,Level 2,Medical Clinic,MEDICAL CLINIC,Non-Governmental Organizations,Non-Governmental Organizations,Nursing Council of Kenya (Private Practice),1,0,Kisumu,Kisumu Central,Kisumu Central,Railways,Operational,No,No,No,No,,Yes,Yes,No
13738,Lumumba Sub County Hospital,Lumumba Sub County Hospital,None,Level 4,Primary care hospitals,HOSPITALS,Ministry of Health,Ministry of Health,Ministry of Health,15,0,Kisumu,Kisumu Central,Kisumu Central,Shauri Moyo Kaloleni,Operational,Yes,No,No,No,,Yes,Yes,No
13776,Marie Stopes Nursing Home (Kisumu),Marie Stopes Nursing Home (Kisumu),None,Level 3,Comprehensive health Centre,HEALTH CENTRE,Non-Governmental Organizations,Non-Governmental Organizations,Kenya MPDB,32,0,Kisumu,Kisumu Central,Kisumu Central,Railways,Operational,No,No,No,No,,Yes,Yes,No
13807,Migosi Sub County Hospital,Migosi Sub County Hospital,None,Level 4,Primary care hospitals,HOSPITALS,Ministry of Health,Ministry of Health,Ministry of Health,12,0,Kisumu,Kisumu Central,Kisumu Central,Migosi,Operational,Yes,No,Yes,No,,Yes,Yes,No
13808,Milimani Hospital,Milimani Hospital,None,Level 4,Primary care hospitals,HOSPITALS,Private Practice - Private Institution Academic,Private Practice,Kenya MPDB,26,4,Kisumu,Kisumu Central,Kisumu Central,Market Milimani,Operational,No,No,No,No,,Yes,Yes,No
24501,Nephrology And Hypertension Associates LTD,Nephrology And Hypertension Associates LTD,A9229,Level 2,Medical Clinic,MEDICAL CLINIC,Private Practice - Private Institution Academic,Private Practice,Kenya MPDB,6,0,Kisumu,Kisumu Central,Kisumu Central,Market Milimani,Operational,No,No,Yes,No,,Yes,Yes,No
13856,Nightingale Medical Centre,Nightingale Medical Centre,None,Level 4,Primary care hospitals,HOSPITALS,Private Practice - Private Institution Academic,Private Practice,Kenya MPDB,43,2,Kisumu,Kisumu Central,Kisumu Central,Kondele,Operational,Yes,No,Yes,No,,Yes,Yes,No
24317,Nightingale Medical Centre-Milimani,Nightingale Medical Centre-Milimani,None,Level 4,Primary care hospitals,HOSPITALS,Private Practice - General Practitioner,Private Practice,None,80,0,Kisumu,Kisumu Central,Kisumu Central,Market Milimani,Operational,Yes,Yes,Yes,Yes,,Yes,Yes,No
27293,Nyawita Medical Clinic,Nyawita Medical Clinic,18012,Level 2,Medical Clinic,MEDICAL CLINIC,Private Practice - Nurse / Midwifery,Private Practice,Kenya MPDB,1,0,Kisumu,Kisumu Central,Kisumu Central,Railways,Operational,No,Yes,Yes,No,,Yes,Yes,No
23820,Oasis Doctors Plaza-Tom Mboya Estate,Oasis Doctors Plaza-Tom Mboya Estate,None,Level 4,Primary care hospitals,HOSPITALS,Private Practice - General Practitioner,Private Practice,Kenya MPDB,10,10,Kisumu,Kisumu Central,Kisumu Central,Railways,Operational,Yes,Yes,Yes,Yes,,Yes,Yes,No
27411,Primecare Medical Centre( Kisumu),Primecare Medical Centre( Kisumu),007009,Level 2,Medical Center,MEDICAL CENTER,Private Practice - Clinical Officer,Private Practice,Kenya MPDB,4,0,Kisumu,Kisumu Central,Kisumu Central,Kondele,Operational,No,Yes,Yes,Yes,,Yes,Yes,No
23910,Skyteam Medical Clinic,Skyteam Medical Clinic,006022,Level 2,Medical Clinic,MEDICAL CLINIC,Private Practice - Nurse / Midwifery,Private Practice,Nursing Council of Kenya (Private Practice),1,0,Kisumu,Kisumu Central,Kisumu Central,Nyalenda B,Operational,No,No,No,No,,Yes,Yes,No
26569,St. Helier Health Care Services,St. Helier Health Care Services,017422,Level 3,Medical Center,MEDICAL CENTER,Private Practice - General Practitioner,Private Practice,Kenya MPDB,35,0,Kisumu,Kisumu Central,Kisumu Central,Market Milimani,Operational,Yes,Yes,Yes,Yes,,Yes,Yes,No
14129,Star Maternity & Nursing Home,Star Maternity & Nursing Home,None,Level 3,Basic Health Centre,HEALTH CENTRE,Private Practice - Private Institution Academic,Private Practice,Kenya MPDB,22,0,Kisumu,Kisumu Central,Kisumu Central,Shauri Moyo Kaloleni,Operational,No,No,No,No,,Yes,Yes,No
17376,Victoria Sub District Hospital,Victoria Hospital Kisumu,None,Level 4,Primary care hospitals,HOSPITALS,Ministry of Health,Ministry of Health,Ministry of Health,25,2,Kisumu,Kisumu Central,Kisumu Central,Market Milimani,Operational,Yes,No,Yes,No,,Yes,Yes,No
23599,Ahava Medical Centre,Ahava Medical Centre,None,Level 2,Medical Clinic,MEDICAL CLINIC,Private Practice - General Practitioner,Private Practice,Kenya MPDB,8,3,Kisumu,Kisumu East,Kisumu East,Manyatta B,Operational,Yes,Yes,Yes,Yes,,Yes,Yes,No
23893,Bridge Medical Clinic,Bridge Medical Clinic,None,Level 2,Medical Clinic,MEDICAL CLINIC,Private Practice - Clinical Officer,Private Practice,Clinical Officers Council,3,0,Kisumu,Kisumu East,Kisumu East,Kajulu,Operational,No,No,Yes,No,,Yes,Yes,No
24398,Chalbeat Medical Centre,Chalbeat Medical Centre,None,Level 3,Medical Center,MEDICAL CENTER,Private Practice - Clinical Officer,Private Practice,Kenya MPDB,20,0,Kisumu,Kisumu East,Kisumu East,Kolwa East,Operational,No,No,Yes,No,,Yes,Yes,No
18969,Geva Family Health Services,Geva Family Health Services,None,Level 2,Medical Clinic,MEDICAL CLINIC,Private Practice - Clinical Officer,Private Practice,Clinical Officers Council,1,1,Kisumu,Kisumu East,Kisumu East,Kolwa Central,Operational,No,No,Yes,No,,Yes,Yes,No
13647,Gita Sub County Hospital,Gita Sub County Hospital,None,Level 4,Primary care hospitals,HOSPITALS,Ministry of Health,Ministry of Health,Ministry of Health,27,2,Kisumu,Kisumu East,Kisumu East,Kajulu,Operational,Yes,Yes,Yes,No,,Yes,Yes,No
22354,Kisumu Specialist Hospital,Kisumu Specialist Hospital,None,Level 4,Primary care hospitals,HOSPITALS,Private Practice - Medical Specialist,Private Practice,None,50,4,Kisumu,Kisumu East,Kisumu East,Kajulu,Operational,Yes,Yes,Yes,Yes,,Yes,Yes,No
21705,Kuoyo Health Center,Kuoyo Health Center,None,Level 3,Basic Health Centre,HEALTH CENTRE,Ministry of Health,Ministry of Health,Ministry of Health,1,0,Kisumu,Kisumu East,Kisumu East,Manyatta B,Operational,No,No,No,No,,Yes,Yes,No
18417,Mamboleo Medical Clinic,Mamboleo Medical Clinic,None,Level 2,Medical Clinic,MEDICAL CLINIC,Private Practice - Nurse / Midwifery,Private Practice,Nursing Council of Kenya (Private Practice),2,0,Kisumu,Kisumu East,Kisumu East,Kajulu,Operational,No,No,Yes,No,,Yes,Yes,No
13890,Nyalunya Health Centre,Nyalunya Health Centre,None,Level 3,Basic Health Centre,HEALTH CENTRE,Ministry of Health,Ministry of Health,Ministry of Health,4,0,Kisumu,Kisumu East,Kisumu East,Kolwa Central,Operational,No,No,No,No,,Yes,Yes,No
24817,Peter Plumb Harmony Medical Clinic,Peter Plumb Harmony Medical Clinic,None,Level 2,Medical Clinic,MEDICAL CLINIC,Private Practice - Clinical Officer,Private Practice,None,1,0,Kisumu,Kisumu East,Kisumu East,Kajulu,Operational,No,No,No,No,,Yes,Yes,No
14105,St Consolata Clinic,St Consolata Clinic,None,Level 2,Medical Clinic,MEDICAL CLINIC,Private Practice - Private Institution Academic,Private Practice,Kenya MPDB,16,5,Kisumu,Kisumu East,Kisumu East,Kolwa East,Operational,Yes,No,Yes,No,,Yes,Yes,No
14106,St Elizabeth Chiga Health Centre,St Elizabeth Chiga Health Centre,None,Level 3,Basic Health Centre,HEALTH CENTRE,Kenya Episcopal Conference-Catholic Secretariat,Faith Based Organization,Kenya MPDB,24,0,Kisumu,Kisumu East,Kisumu East,Kolwa East,Operational,No,No,No,No,,Yes,Yes,No
14120,St Monica Hospital,St Monica Hospital,None,Level 4,Primary care hospitals,HOSPITALS,Kenya Episcopal Conference-Catholic Secretariat,Faith Based Organization,Kenya MPDB,100,10,Kisumu,Kisumu East,Kisumu East,Kajulu,Operational,Yes,No,Yes,No,,Yes,Yes,No
25071,St. Lucia Medical Centre,St. Lucia Medical Centre,None,Level 3,Medical Center,MEDICAL CENTER,Private Practice - Nurse / Midwifery,Private Practice,None,30,0,Kisumu,Kisumu East,Kisumu East,Kolwa Central,Operational,Yes,Yes,Yes,Yes,,Yes,Yes,No
25504,St. Rita Esperanza Medical Clinic,St. Rita Esperanza Medical Clinic,001566,None,Medical Clinic,MEDICAL CLINIC,Private Practice - Nurse / Midwifery,Private Practice,Kenya MPDB,2,0,Kisumu,Kisumu East,Kisumu East,Kolwa East,Operational,No,No,No,No,,Yes,Yes,No
23741,St.Georges Medical Center,St.Georges Medical Centre,None,Level 2,Medical Clinic,MEDICAL CLINIC,Private Practice - General Practitioner,Private Practice,Kenya MPDB,10,2,Kisumu,Kisumu East,Kisumu East,Kolwa Central,Operational,Yes,Yes,Yes,Yes,,Yes,Yes,No
23543,Star Hospital Kisumu -Annex,Star Hospital Kisumu (Annex),None,Level 4,Primary care hospitals,HOSPITALS,Private Practice - Clinical Officer,Private Practice,Clinical Officers Council,30,6,Kisumu,Kisumu East,Kisumu East,Kolwa Central,Operational,Yes,Yes,Yes,Yes,,Yes,Yes,No
25918,Unity Point Health Care,Unity Point Health Care,17217,Level 3,Medical Center,MEDICAL CENTER,Private Practice - Clinical Officer,Private Practice,Kenya MPDB,8,0,Kisumu,Kisumu East,Kisumu East,Kajulu,Operational,Yes,Yes,Yes,Yes,,Yes,Yes,No
23541,Aboge,Aboge Health Centre,None,Level 3,Basic Health Centre,HEALTH CENTRE,Ministry of Health,Ministry of Health,Ministry of Health,1,0,Kisumu,Kisumu West,Kisumu West,West Kisumu,Operational,No,No,No,No,,Yes,Yes,No
24400,Amani Medical clinic,Amani Medical clinic,None,Level 2,Medical Clinic,MEDICAL CLINIC,Private Practice - Private Institution Academic,Private Practice,Kenya MPDB,4,0,Kisumu,Kisumu West,Kisumu West,Kisumu North,Operational,No,No,No,No,,Yes,Yes,No
24316,Benec Medical Centre,Benec Medical Centre,3812,Level 2,Medical Clinic,MEDICAL CLINIC,Private Practice - Clinical Officer,Private Practice,Clinical Officers Council,1,0,Kisumu,Kisumu West,Kisumu West,Central Kisumu,Operational,No,No,No,No,,Yes,Yes,No
13528,Chulaimbo County Hospital,Chulaimbo County Hospital,None,Level 4,Primary care hospitals,HOSPITALS,Ministry of Health,Ministry of Health,Ministry of Health,26,0,Kisumu,Kisumu West,Kisumu West,North West Kisumu,Operational,Yes,No,Yes,No,,Yes,Yes,No
24401,Dawamea,Dawamea Medical Clinic,4801,Level 2,Medical Clinic,MEDICAL CLINIC,Private Practice - Clinical Officer,Private Practice,Clinical Officers Council,1,0,Kisumu,Kisumu West,Kisumu West,Kisumu North,Operational,No,No,No,No,,Yes,Yes,No
24904,Good Neighbour clinic,Good Neighbour clinic,015765,Level 2,Medical Clinic,MEDICAL CLINIC,Private Practice - Private Company,Private Practice,Pharmacy & Poisons Board,1,0,Kisumu,Kisumu West,Kisumu West,West Kisumu,Operational,No,No,No,Yes,,Yes,Yes,No
13709,Kodiaga Prison Health Centre,Kodiaga Prison Health Centre,None,Level 3,Basic Health Centre,HEALTH CENTRE,Ministry of Health,Ministry of Health,Ministry of Health,40,0,Kisumu,Kisumu West,Kisumu West,Central Kisumu,Operational,No,No,No,No,,Yes,Yes,No
21208,Mainga Health Centre,Mainga Health Centre,None,Level 3,Basic Health Centre,HEALTH CENTRE,Ministry of Health,Ministry of Health,Ministry of Health,1,0,Kisumu,Kisumu West,Kisumu West,West Kisumu,Operational,No,No,No,No,,Yes,Yes,No
18414,Masaba Hospital Kisumu,Masaba Hospital Kisumu,None,Level 4,Primary care hospitals,HOSPITALS,Private Practice - General Practitioner,Private Practice,Kenya MPDB,25,5,Kisumu,Kisumu West,Kisumu West,North West Kisumu,Operational,Yes,No,Yes,No,,Yes,Yes,No
13781,Maseno Mission Hospital,Maseno Mission Hospital,None,Level 4,Primary care hospitals,HOSPITALS,Christian Health Association of Kenya,Faith Based Organization,Kenya MPDB,78,30,Kisumu,Kisumu West,Kisumu West,North West Kisumu,Operational,Yes,No,Yes,No,,Yes,Yes,No
13782,Maseno University Health centre,Maseno University Health centre,None,Level 3,Basic Health Centre,HEALTH CENTRE,Public Institution - Parastatal,Ministry of Health,Kenya MPDB,25,0,Kisumu,Kisumu West,Kisumu West,North West Kisumu,Operational,No,No,No,No,,Yes,Yes,No
13880,Nyahera Sub Sub County Hospital,Nyahera Sub County Hospital,None,Level 4,Primary care hospitals,HOSPITALS,Ministry of Health,Ministry of Health,Ministry of Health,16,0,Kisumu,Kisumu West,Kisumu West,Kisumu North,Operational,No,No,No,No,,Yes,Yes,No
13954,Ober Kamoth Sub County Hospital,Ober Kamoth Sub County Hospital,None,Level 4,Primary care hospitals,HOSPITALS,Ministry of Health,Ministry of Health,Ministry of Health,7,0,Kisumu,Kisumu West,Kisumu West,South West Kisumu,Operational,Yes,No,No,No,,Yes,Yes,No
13971,Ojola Sub County Hospital,Ojola Sub County Hospital,None,Level 4,Primary care hospitals,HOSPITALS,Ministry of Health,Ministry of Health,Ministry of Health,3,0,Kisumu,Kisumu West,Kisumu West,South West Kisumu,Operational,Yes,No,No,No,,Yes,Yes,No
14017,Port Florence Hospital,Port Florence Hospital,None,Level 4,Primary care hospitals,HOSPITALS,Private Practice - Private Institution Academic,Private Practice,Kenya MPDB,36,4,Kisumu,Kisumu West,Kisumu West,Central Kisumu,Operational,Yes,No,Yes,No,,Yes,Yes,No
21766,St. Jairus,St Jairus Hospital,None,Level 4,Primary care hospitals,HOSPITALS,Private Practice - Private Company,Private Practice,Pharmacy & Poisons Board,60,0,Kisumu,Kisumu West,Kisumu West,Central Kisumu,Operational,Yes,Yes,Yes,Yes,,Yes,Yes,No
16664,Usoma Health Centre,Usoma Health Centre,None,Level 3,Basic Health Centre,HEALTH CENTRE,Ministry of Health,Ministry of Health,Ministry of Health,2,0,Kisumu,Kisumu West,Kisumu West,Central Kisumu,Operational,No,No,No,No,,Yes,Yes,No
13522,Chemelil Sugar Health Centre,Chemelil Sugar Health Centre,None,Level 2,Medical Clinic,MEDICAL CLINIC,Private Practice - Private Company,Private Practice,Ministry of Health,25,4,Kisumu,Muhoroni,Muhoroni,Chemelil,Operational,Yes,No,Yes,No,,Yes,Yes,No
23729,Julia Huebner Medical Centre,Julia Huebner Medical Centre,R00138/17,Level 2,Medical Clinic,MEDICAL CLINIC,Private Practice - Private Institution Academic,Private Practice,Kenya MPDB,5,2,Kisumu,Muhoroni,Muhoroni,Masogo/Nyang'oma,Operational,No,No,No,No,,Yes,Yes,No
13719,Koru Mission Health Centre,Koru Mission Health Centre,None,Level 3,Basic Health Centre,HEALTH CENTRE,Kenya Episcopal Conference-Catholic Secretariat,Faith Based Organization,Kenya MPDB,28,6,Kisumu,Muhoroni,Muhoroni,Muhoroni Koru,Operational,Yes,No,Yes,No,,Yes,Yes,No
17121,Mama Plister Blair Health Centre,Mama Plister Blair Health Centre,None,Level 2,Medical Clinic,MEDICAL CLINIC,Private Practice - Private Institution Academic,Private Practice,Kenya MPDB,3,0,Kisumu,Muhoroni,Muhoroni,Ombeyi,Operational,No,No,Yes,No,,Yes,Yes,No
13785,Masogo Sub County Hospital,Masogo Sub County Hospital,None,Level 4,Primary care hospitals,HOSPITALS,Ministry of Health,Ministry of Health,Ministry of Health,19,1,Kisumu,Muhoroni,Muhoroni,Masogo/Nyang'oma,Operational,Yes,Yes,Yes,Yes,,Yes,Yes,No
21487,Migere Health Centre,Migere Health Centre,R00138/17,Level 3,Basic Health Centre,HEALTH CENTRE,Ministry of Health,Ministry of Health,Ministry of Health,2,1,Kisumu,Muhoroni,Muhoroni,Masogo/Nyang'oma,Operational,No,No,No,No,,Yes,Yes,No
20907,Miranga Dispensary,Miranga Dispensary,None,Level 2,Dispensary,DISPENSARY,Ministry of Health,Ministry of Health,Ministry of Health,1,0,Kisumu,Muhoroni,Muhoroni,Masogo/Nyang'oma,Operational,No,No,No,No,,Yes,Yes,No
13831,Muhoroni County Hospital,Muhoroni County Hospital,None,Level 4,Primary care hospitals,HOSPITALS,Ministry of Health,Ministry of Health,Ministry of Health,32,0,Kisumu,Muhoroni,Muhoroni,Muhoroni Koru,Operational,Yes,Yes,Yes,Yes,,Yes,Yes,No
20500,Nyakunguru Dispensary,Nyakunguru Dispensary,None,Level 2,Dispensary,DISPENSARY,Ministry of Health,Ministry of Health,Ministry of Health,1,0,Kisumu,Muhoroni,Muhoroni,Masogo/Nyang'oma,Operational,No,No,No,No,,Yes,Yes,No
13928,Nyang'oma Sub county Hospital,Nyang'oma Sub county Hospital,None,Level 4,Primary care hospitals,HOSPITALS,Ministry of Health,Ministry of Health,Ministry of Health,2,0,Kisumu,Muhoroni,Muhoroni,Masogo/Nyang'oma,Operational,Yes,No,Yes,No,,Yes,Yes,No
13968,Ogra Health Centre,Ogra Health Centre,None,Level 3,Basic Health Centre,HEALTH CENTRE,Non-Governmental Organizations,Non-Governmental Organizations,Ministry of Health,15,4,Kisumu,Muhoroni,Muhoroni,Ombeyi,Operational,No,No,No,No,,Yes,Yes,No
27294,Pivot Medical Centre,Pivot Medical Centre,None,Level 3,Medical Center,MEDICAL CENTER,Private Practice - Clinical Officer,Private Practice,None,8,2,Kisumu,Muhoroni,Muhoroni,Masogo/Nyang'oma,Operational,Yes,Yes,Yes,Yes,,Yes,Yes,No
14021,Rachar Sugar Belt Hospital,Rachar Sugar Belt Hospital,None,Level 4,Primary care hospitals,HOSPITALS,Private Practice - Private Institution Academic,Private Practice,Kenya MPDB,20,5,Kisumu,Muhoroni,Muhoroni,Muhoroni Koru,Operational,Yes,No,Yes,No,,Yes,Yes,No
27221,Songoh Health Center,Songoh Health Center,None,Level 3,Basic Health Centre,HEALTH CENTRE,Ministry of Health,Ministry of Health,None,2,0,Kisumu,Muhoroni,Muhoroni,Chemelil,Operational,No,No,No,No,,Yes,Yes,No
14128,St Vincents De Paul Health Centre,St Vincents De Paul Health Centre,None,Level 3,Basic Health Centre,HEALTH CENTRE,Kenya Episcopal Conference-Catholic Secretariat,Faith Based Organization,Kenya MPDB,24,12,Kisumu,Muhoroni,Muhoroni,Muhoroni Koru,Operational,Yes,No,Yes,No,,Yes,Yes,No
14141,Tamu Health Centre,Tamu Health Centre,None,Level 3,Basic Health Centre,HEALTH CENTRE,Ministry of Health,Ministry of Health,Ministry of Health,9,0,Kisumu,Muhoroni,Muhoroni,Chemelil,Operational,No,No,Yes,No,,Yes,Yes,No
25247,Tumaini Kopere Health Care Services,Tumaini Kopere Health Care Services,015923,Level 2,Medical Clinic,MEDICAL CLINIC,Private Practice - Clinical Officer,Private Practice,Kenya MPDB,3,1,Kisumu,Muhoroni,Muhoroni,Chemelil,Operational,No,No,No,No,,Yes,Yes,No
27526,Andingo Rongo,Andingo Rongo,None,Level 2,Dispensary,DISPENSARY,Ministry of Health,Ministry of Health,None,1,0,Kisumu,Nyakach,Nyakach,West Nyakach,Operational,No,No,No,No,,Yes,Yes,No
22775,Bethlehem Home Hospital,Bethlehem Home Hospital,None,Level 4,Primary care hospitals,HOSPITALS,Private Practice - Clinical Officer,Private Practice,Clinical Officers Council,6,6,Kisumu,Nyakach,Nyakach,South East Nyakach,Operational,Yes,Yes,Yes,Yes,,Yes,Yes,No
24148,Gleashay Medical Clinic,Gleashay Medical Clinic,015356,Level 2,Medical Clinic,MEDICAL CLINIC,Private Practice - Clinical Officer,Private Practice,Clinical Officers Council,16,0,Kisumu,Nyakach,Nyakach,West Nyakach,Operational,Yes,Yes,Yes,Yes,,Yes,Yes,No
28083,Katito Medical Clinic,Katito Medical Clinic,None,Level 3,Primary care hospitals,HOSPITALS,Private Practice - Clinical Officer,Private Practice,None,15,0,Kisumu,Nyakach,Nyakach,North Nyakach,Operational,Yes,Yes,Yes,Yes,,Yes,Yes,No
13657,Katito Sub County Hospital,Katito Sub County Hospital,None,Level 4,Primary care hospitals,HOSPITALS,Ministry of Health,Ministry of Health,Ministry of Health,6,0,Kisumu,Nyakach,Nyakach,North Nyakach,Operational,Yes,No,Yes,No,,Yes,Yes,No
13727,Kodingo Health Centre,Kodingo Health Centre,None,Level 3,Basic Health Centre,HEALTH CENTRE,Ministry of Health,Ministry of Health,Ministry of Health,8,2,Kisumu,Nyakach,Nyakach,West Nyakach,Operational,Yes,No,Yes,No,,Yes,Yes,No
13864,Nyabondo Mission Hospital,Nyabondo Mission Hospital,None,Level 4,Primary care hospitals,HOSPITALS,Kenya Episcopal Conference-Catholic Secretariat,Faith Based Organization,Kenya MPDB,250,25,Kisumu,Nyakach,Nyakach,South East Nyakach,Operational,Yes,No,Yes,No,,Yes,Yes,No
24064,Nyaguda Medical Centre,Nyaguda Medical Centre,None,Level 2,Medical Clinic,MEDICAL CLINIC,Private Practice - Private Institution Academic,Private Practice,None,15,1,Kisumu,Nyakach,Nyakach,South West Nyakach,Operational,Yes,Yes,Yes,Yes,,Yes,Yes,No
13881,Nyakach (AIC) Dispensary,Nyakach (AIC) Dispensary,None,Level 2,Dispensary,DISPENSARY,Christian Health Association of Kenya,Faith Based Organization,Kenya MPDB,4,0,Kisumu,Nyakach,Nyakach,South West Nyakach,Operational,No,No,No,No,,Yes,Yes,No
13921,Nyakach County Hospital,Nyakach County Hospital,None,Level 4,Primary care hospitals,HOSPITALS,Ministry of Health,Ministry of Health,Ministry of Health,20,2,Kisumu,Nyakach,Nyakach,Central Nyakach,Operational,Yes,Yes,Yes,Yes,,Yes,Yes,No
22220,Nyalunya Community Nursing Home,Nyalunya Community Nursing Home,None,Level 3,Nursing Homes,NURSING HOME,Private Practice - Nurse / Midwifery,Private Practice,None,50,7,Kisumu,Nyakach,Nyakach,Central Nyakach,Operational,Yes,Yes,Yes,Yes,,Yes,Yes,No
24442,Nyanza Royal Family Hospital,Nyanza Royal Family Hospital,015940,Level 3,Medical Center,MEDICAL CENTER,Private Practice - Clinical Officer,Private Practice,Kenya MPDB,20,0,Kisumu,Nyakach,Nyakach,North Nyakach,Operational,Yes,Yes,Yes,Yes,,Yes,Yes,No
21039,Rang'ul Dispensary,Rang'ul Dispensary,None,Level 2,Dispensary,DISPENSARY,Ministry of Health,Ministry of Health,Ministry of Health,4,4,Kisumu,Nyakach,Nyakach,North Nyakach,Operational,No,No,No,No,,Yes,Yes,No
14086,Sigoti Health Centre,Sigoti Health Centre,None,Level 3,Basic Health Centre,HEALTH CENTRE,Ministry of Health,Ministry of Health,Ministry of Health,17,2,Kisumu,Nyakach,Nyakach,South East Nyakach,Operational,Yes,No,No,No,,Yes,Yes,No
14104,St Clare Bolo Health Centre,St Clare Bolo Health Centre,None,Level 3,Basic Health Centre,HEALTH CENTRE,Kenya Episcopal Conference-Catholic Secretariat,Faith Based Organization,Kenya MPDB,19,8,Kisumu,Nyakach,Nyakach,West Nyakach,Operational,Yes,No,Yes,No,,Yes,Yes,No
16870,St Jane Nursing Home,St Jane Nursing Home,None,Level 3,Comprehensive health Centre,HEALTH CENTRE,Other Faith Based,Faith Based Organization,Kenya MPDB,15,5,Kisumu,Nyakach,Nyakach,West Nyakach,Operational,Yes,No,Yes,No,,Yes,Yes,No
20524,Absalom Wangulu Dispensary,Absalom Wangulu Dispensary,None,Level 2,Dispensary,DISPENSARY,Ministry of Health,Ministry of Health,Ministry of Health,1,0,Kisumu,Nyando,Nyando,Kobura,Operational,No,No,No,No,,Yes,Yes,No
23327,Ahero Annex Healthcare Ltd,Ahero Annex Healthcare Ltd,003754,Level 2,Medical Clinic,MEDICAL CLINIC,Private Practice - General Practitioner,Private Practice,Kenya MPDB,2,3,Kisumu,Nyando,Nyando,Ahero,Operational,No,Yes,Yes,Yes,,Yes,Yes,No
13468,Ahero County Hospital,Ahero County Hospital,None,Level 4,Primary care hospitals,HOSPITALS,Ministry of Health,Ministry of Health,Ministry of Health,30,0,Kisumu,Nyando,Nyando,Ahero,Operational,Yes,No,Yes,No,,Yes,Yes,No
18291,Ahero Medical Centre,Ahero Medical Centre,None,Level 3,Medical Center,MEDICAL CENTER,Private Practice - Nurse / Midwifery,Private Practice,Nursing Council of Kenya (Private Practice),26,0,Kisumu,Nyando,Nyando,Awasi/Onjiko,Operational,No,No,Yes,No,,Yes,Yes,No
24568,Alpo  Medical Centre,Alpo  Medical Centre,016084,Level 2,Medical Clinic,MEDICAL CLINIC,Private Practice - Nurse / Midwifery,Private Practice,"Kenya Medical Laboratory, Tech & Technologists Board",7,1,Kisumu,Nyando,Nyando,Awasi/Onjiko,Operational,Yes,Yes,Yes,Yes,,Yes,Yes,No
13491,Awasi Mission Health Center,Awasi Mission Health Center,None,Level 3,Basic Health Centre,HEALTH CENTRE,Kenya Episcopal Conference-Catholic Secretariat,Faith Based Organization,Kenya MPDB,12,1,Kisumu,Nyando,Nyando,Awasi/Onjiko,Operational,No,No,No,No,,Yes,Yes,No
13516,Boya Nursing Home,Boya Nursing Home,None,Level 3,Comprehensive health Centre,HEALTH CENTRE,Private Practice - Private Institution Academic,Private Practice,Kenya MPDB,10,12,Kisumu,Nyando,Nyando,Ahero,Operational,Yes,No,Yes,No,,Yes,Yes,No
13518,Bunde Health Centre,Bunde Health Centre,None,Level 2,Dispensary,DISPENSARY,Ministry of Health,Ministry of Health,Ministry of Health,12,0,Kisumu,Nyando,Nyando,Ahero,Operational,No,No,No,No,,Yes,Yes,No
21657,Kadhiambo dispensary,Kadhiambo dispensary,None,Level 2,Dispensary,DISPENSARY,Ministry of Health,Ministry of Health,Kenya MPDB,1,1,Kisumu,Nyando,Nyando,Kabonyo/Kanyagwai,Operational,No,Yes,Yes,Yes,,Yes,Yes,No
16283,Kadinda Health Centre,Kadinda Health Centre,None,Level 3,Basic Health Centre,HEALTH CENTRE,Non-Governmental Organizations,Non-Governmental Organizations,Ministry of Health,3,0,Kisumu,Nyando,Nyando,Ahero,Operational,No,No,No,No,,Yes,Yes,No
24006,Kamwanda medical clinic,Kamwanda medical clinic,None,Level 2,Medical Clinic,MEDICAL CLINIC,Private Practice - Nurse / Midwifery,Private Practice,Nursing Council of Kenya (Private Practice),3,1,Kisumu,Nyando,Nyando,Ahero,Operational,No,No,No,No,,Yes,Yes,No
13694,Kinasia Health Centre,Kinasia Dispensary,None,Level 3,Basic Health Centre,HEALTH CENTRE,Ministry of Health,Ministry of Health,Ministry of Health,2,0,Kisumu,Nyando,Nyando,East Kano/Wawidhi,Operational,Yes,No,No,No,,Yes,Yes,No
21671,Kochieng Health Centre,Kochieng Health Centre,None,Level 3,Basic Health Centre,HEALTH CENTRE,Ministry of Health,Ministry of Health,None,1,0,Kisumu,Nyando,Nyando,Kobura,Operational,No,No,No,No,,Yes,Yes,No
20531,Koduol Reru Dispensary,Koduol Reru Dispensary,None,Level 2,Dispensary,DISPENSARY,Ministry of Health,Ministry of Health,Ministry of Health,1,0,Kisumu,Nyando,Nyando,Kabonyo/Kanyagwai,Operational,No,No,No,No,,Yes,Yes,No
18430,Magina Health Center,Magina Health Center,None,Level 3,Basic Health Centre,HEALTH CENTRE,Ministry of Health,Ministry of Health,Ministry of Health,1,0,Kisumu,Nyando,Nyando,East Kano/Wawidhi,Operational,No,No,No,No,,Yes,Yes,No
23836,Medicross Clinic.,Medicross Clinic.,None,Level 2,Medical Clinic,MEDICAL CLINIC,Non-Governmental Organizations,Non-Governmental Organizations,Kenya MPDB,2,1,Kisumu,Nyando,Nyando,Kobura,Operational,No,No,No,No,,Yes,Yes,No
24016,Melrose arc hospital,Melrose Arc hospital,014765,Level 4,Primary care hospitals,HOSPITALS,Private Practice - Private Institution Academic,Private Practice,Ministry of Health,24,5,Kisumu,Nyando,Nyando,Kabonyo/Kanyagwai,Operational,Yes,No,No,No,,Yes,Yes,No
24729,Nissi Medical Centre,Nissi Medical Centre,016262,Level 2,Medical Clinic,MEDICAL CLINIC,Private Practice - Clinical Officer,Private Practice,Kenya MPDB,36,15,Kisumu,Nyando,Nyando,Kobura,Operational,Yes,Yes,Yes,Yes,,Yes,Yes,No
13884,Nyakongo health Centre,Nyakongo health Centre,None,Level 3,Basic Health Centre,HEALTH CENTRE,Ministry of Health,Ministry of Health,Ministry of Health,3,1,Kisumu,Nyando,Nyando,East Kano/Wawidhi,Operational,Yes,No,No,No,,Yes,Yes,No
13923,Nyangande Sub County Hospital,Nyangande Sub County Hospital,None,Level 4,Primary care hospitals,HOSPITALS,Ministry of Health,Ministry of Health,Ministry of Health,16,1,Kisumu,Nyando,Nyando,Kabonyo/Kanyagwai,Operational,Yes,No,No,No,,Yes,Yes,No
20666,Okana Dispensary,Okana Dispensary,None,Level 2,Dispensary,DISPENSARY,Ministry of Health,Ministry of Health,Ministry of Health,1,1,Kisumu,Nyando,Nyando,Kobura,Operational,No,No,No,No,,Yes,Yes,No
13976,Olasi Dispensary (Nyando),Olasi Dispensary (Nyando),None,Level 2,Dispensary,DISPENSARY,Ministry of Health,Ministry of Health,Ministry of Health,3,0,Kisumu,Nyando,Nyando,East Kano/Wawidhi,Operational,No,No,No,No,,Yes,Yes,No
26884,Philican Medical Clinic,Philican Medical Clinic,None,Level 3,Medical Clinic,MEDICAL CLINIC,Private Practice - Private Institution Academic,Private Practice,Kenya MPDB,4,0,Kisumu,Nyando,Nyando,Kabonyo/Kanyagwai,Operational,No,No,No,No,,Yes,Yes,No
28240,Queenteric Annex Nursing Home,Queenteric Annex Nursing Home,018363,Level 3,Nursing Homes,NURSING HOME,Non-Governmental Organizations,Non-Governmental Organizations,Kenya MPDB,15,0,Kisumu,Nyando,Nyando,Kobura,Operational,No,No,No,No,,Yes,Yes,No
14020,Rabuor Sub county Hospital,Rabuor Sub county Hospital,None,Level 4,Primary care hospitals,HOSPITALS,Ministry of Health,Ministry of Health,Ministry of Health,30,3,Kisumu,Nyando,Nyando,Kobura,Operational,No,No,No,No,,Yes,Yes,No
27101,Scenic Healthcare,Scenic Healthcare,in process,Level 3,Basic Health Centre,HEALTH CENTRE,Non-Governmental Organizations,Non-Governmental Organizations,Kenya MPDB,4,0,Kisumu,Nyando,Nyando,Awasi/Onjiko,Operational,No,No,No,No,,Yes,Yes,No
28241,St. Jenipher Medical Centre,St. Jenipher Medical Centre,in process,Level 2,Medical Clinic,MEDICAL CLINIC,Non-Governmental Organizations,Non-Governmental Organizations,Kenya MPDB,12,0,Kisumu,Nyando,Nyando,Awasi/Onjiko,Operational,No,No,No,No,,Yes,Yes,No
18415,The Hope Medical Centre-Awasi,The Hope Medical Centre-Awasi,None,Level 3,Basic Health Centre,HEALTH CENTRE,Christian Health Association of Kenya,Faith Based Organization,Kenya MPDB,24,6,Kisumu,Nyando,Nyando,Awasi/Onjiko,Operational,Yes,No,Yes,No,,Yes,Yes,No
18283,Wanganga Health Centre,Wanganga Health Centre,None,Level 3,Basic Health Centre,HEALTH CENTRE,Ministry of Health,Ministry of Health,Ministry of Health,1,0,Kisumu,Nyando,Nyando,Awasi/Onjiko,Operational,No,No,No,No,,Yes,Yes,No
24197,Alluc Medical Centre,Alluc Medical Centre,007504,Level 2,Medical Clinic,MEDICAL CLINIC,Private Practice - Nurse / Midwifery,Private Practice,Ministry of Health,20,4,Kisumu,Seme,Seme,West Seme,Operational,Yes,No,No,No,,Yes,Yes,No
13487,Asat Beach Dispensary,Asat Beach Dispensary,None,Level 2,Dispensary,DISPENSARY,Ministry of Health,Ministry of Health,Ministry of Health,1,0,Kisumu,Seme,Seme,West Seme,Operational,No,No,No,No,,Yes,Yes,No
13498,Bar Korwa Health Centre,Bar Korwa Health Centre,None,Level 3,Basic Health Centre,HEALTH CENTRE,Kenya Episcopal Conference-Catholic Secretariat,Faith Based Organization,Kenya MPDB,7,1,Kisumu,Seme,Seme,North Seme,Operational,Yes,No,Yes,No,,Yes,Yes,No
13503,Bodi Health Centre,Bodi Health Centre,None,Level 3,Basic Health Centre,HEALTH CENTRE,Ministry of Health,Ministry of Health,Ministry of Health,5,0,Kisumu,Seme,Seme,Central Seme,Operational,Yes,No,Yes,No,,Yes,Yes,No
24106,Holo Kadawa Community Clinic,Holo Kadawa Community Clinic,007107,Level 2,Medical Clinic,MEDICAL CLINIC,Private Practice - Private Company,Private Practice,Kenya MPDB,1,0,Kisumu,Seme,Seme,East Seme,Operational,No,Yes,Yes,No,,Yes,Yes,No
13714,Kombewa County  Referral Hospital,Kombewa County Referral Hospital,None,Level 4,Primary care hospitals,HOSPITALS,Ministry of Health,Ministry of Health,Ministry of Health,60,0,Kisumu,Seme,Seme,Central Seme,Operational,Yes,Yes,Yes,No,,Yes,Yes,No
13770,Manyuanda Sub county Hospital,Manyuanda Sub county Hospital,None,Level 4,Primary care hospitals,HOSPITALS,Ministry of Health,Ministry of Health,Ministry of Health,16,0,Kisumu,Seme,Seme,West Seme,Operational,Yes,Yes,Yes,No,,Yes,Yes,No
13810,Miranga Sub County Hospital,Miranga Sub County Hospital,None,Level 4,Primary care hospitals,HOSPITALS,Ministry of Health,Ministry of Health,Ministry of Health,13,0,Kisumu,Seme,Seme,East Seme,Operational,Yes,No,Yes,Yes,,Yes,Yes,No
13990,Opapla Health Centre,Opapla Health Centre,None,Level 3,Basic Health Centre,HEALTH CENTRE,Ministry of Health,Ministry of Health,Ministry of Health,2,0,Kisumu,Seme,Seme,West Seme,Operational,No,No,No,No,,Yes,Yes,No
14040,Ratta Health Centre,Ratta Health Centre,None,Level 3,Basic Health Centre,HEALTH CENTRE,Ministry of Health,Ministry of Health,Ministry of Health,8,0,Kisumu,Seme,Seme,North Seme,Operational,No,No,No,No,,Yes,Yes,No
24305,St. Christopher Dama Community Clinic,St. Christopher Dama Community Clinic,015455,Level 2,Medical Clinic,MEDICAL CLINIC,Private Practice - Nurse / Midwifery,Private Practice,Ministry of Health,4,0,Kisumu,Seme,Seme,Central Seme,Operational,No,Yes,Yes,No,,Yes,Yes,No
